block,bid_price_eur_mwh,bid_x_P_accept_eur_mwh
00-04,2.44,2.4333150684931506
00-04,2.57,2.555917808219178
00-04,2.66,2.63813698630137
00-04,2.8,2.7693150684931505
00-04,2.96,2.91945205479452
00-04,2.99,2.940849315068493
00-04,3.3,3.236712328767123
00-04,3.32,3.2472328767123284
00-04,3.5,3.4136986301369863
00-04,3.5,3.404109589041096
00-04,3.74,3.6272876712328768
00-04,3.86,3.733095890410959
00-04,4.0,3.8575342465753426
00-04,4.0,3.8465753424657536
00-04,4.0,3.8356164383561646
00-04,4.0,3.824657534246575
00-04,4.0,3.813698630136986
00-04,4.2,3.9928767123287674
00-04,4.31,4.0856438356164375
00-04,4.44,4.1967123287671235
00-04,4.5,4.241095890410959
00-04,4.79,4.501287671232877
00-04,4.8,4.497534246575342
00-04,4.8,4.484383561643836
00-04,5.0,4.657534246575342
00-04,5.0,4.643835616438356
00-04,5.0,4.63013698630137
00-04,5.0,4.616438356164384
00-04,5.2,4.786849315068493
00-04,5.23,4.8001369863013705
00-04,5.23,4.785808219178083
00-04,5.5,5.017808219178082
00-04,5.52,5.0209315068493146
00-04,5.56,5.042082191780821
00-04,5.68,5.135342465753425
00-04,5.71,5.146821917808219
00-04,5.72,5.140164383561643
00-04,5.87,5.258876712328767
00-04,5.99,5.349972602739726
00-04,6.0,5.342465753424658
00-04,6.0,5.326027397260274
00-04,6.0,5.30958904109589
00-04,6.0,5.293150684931507
00-04,6.0,5.276712328767124
00-04,6.0,5.260273972602739
00-04,6.07,5.305013698630137
00-04,6.16,5.366794520547945
00-04,6.16,5.349917808219178
00-04,6.16,5.333041095890411
00-04,6.28,5.41972602739726
00-04,6.31,5.428328767123287
00-04,6.38,5.471068493150685
00-04,6.5,5.556164383561644
00-04,6.5,5.538356164383561
00-04,6.5,5.52054794520548
00-04,6.52,5.5196712328767115
00-04,6.56,5.535561643835616
00-04,6.68,5.618520547945205
00-04,6.7,5.616986301369863
00-04,6.7,5.598630136986301
00-04,6.71,5.588602739726028
00-04,6.83,5.669835616438356
00-04,6.86,5.675945205479452
00-04,6.87,5.6653972602739735
00-04,7.0,5.7534246575342465
00-04,7.0,5.734246575342466
00-04,7.0,5.715068493150685
00-04,7.0,5.695890410958904
00-04,7.0,5.676712328767123
00-04,7.03,5.681780821917808
00-04,7.03,5.662520547945205
00-04,7.05,5.659315068493151
00-04,7.05,5.640000000000001
00-04,7.06,5.628657534246575
00-04,7.15,5.6808219178082195
00-04,7.18,5.684986301369863
00-04,7.2,5.681095890410959
00-04,7.2,5.661369863013698
00-04,7.2,5.6416438356164385
00-04,7.24,5.653150684931507
00-04,7.25,5.641095890410959
00-04,7.34,5.691013698630137
00-04,7.5,5.794520547945205
00-04,7.53,5.797068493150686
00-04,7.56,5.79945205479452
00-04,7.64,5.839890410958904
00-04,7.72,5.879890410958904
00-04,7.83,5.942219178082191
00-04,7.88,5.958575342465753
00-04,7.9,5.952054794520548
00-04,7.9,5.93041095890411
00-04,7.9,5.908767123287671
00-04,7.95,5.924383561643836
00-04,8.0,5.93972602739726
00-04,8.0,5.917808219178083
00-04,8.0,5.895890410958904
00-04,8.0,5.873972602739726
00-04,8.0,5.852054794520548
00-04,8.0,5.83013698630137
00-04,8.0,5.808219178082192
00-04,8.0,5.786301369863014
00-04,8.06,5.807616438356165
00-04,8.06,5.7855342465753425
00-04,8.1,5.792054794520548
00-04,8.1,5.76986301369863
00-04,8.2,5.818630136986301
00-04,8.3,5.866849315068493
00-04,8.44,5.942684931506849
00-04,8.5,5.961643835616439
00-04,8.63,6.029178082191781
00-04,8.68,6.040328767123288
00-04,8.71,6.037342465753425
00-04,8.75,6.0410958904109595
00-04,8.75,6.017123287671232
00-04,8.76,6.000000000000001
00-04,8.8,6.003287671232877
00-04,8.8,5.9791780821917815
00-04,8.89,6.015972602739726
00-04,8.99,6.059013698630137
00-04,9.0,6.0410958904109595
00-04,9.0,6.016438356164382
00-04,9.03,6.011753424657535
00-04,9.1,6.033424657534246
00-04,9.16,6.048109589041097
00-04,9.21,6.055890410958904
00-04,9.29,6.08304109589041
00-04,9.35,6.096712328767123
00-04,9.73,6.317835616438356
00-04,9.74,6.297643835616438
00-04,9.75,6.277397260273973
00-04,9.78,6.269917808219178
00-04,9.9,6.31972602739726
00-04,9.9,6.2926027397260285
00-04,9.9,6.2654794520547945
00-04,9.9,6.238356164383562
00-04,9.99,6.267698630136986
00-04,10.0,6.2465753424657535
00-04,10.0,6.219178082191781
00-04,10.0,6.191780821917808
00-04,10.0,6.164383561643836
00-04,10.0,6.136986301369863
00-04,10.0,6.109589041095891
00-04,10.0,6.082191780821917
00-04,10.0,6.054794520547945
00-04,10.0,6.027397260273972
00-04,10.12,6.071999999999999
00-04,10.26,6.127890410958904
00-04,10.5,6.242465753424658
00-04,10.66,6.3083835616438355
00-04,10.75,6.332191780821918
00-04,10.91,6.39654794520548
00-04,11.0,6.41917808219178
00-04,11.0,6.389041095890412
00-04,11.07,6.399369863013698
00-04,11.2,6.443835616438356
00-04,11.31,6.47613698630137
00-04,11.82,6.735780821917809
00-04,11.87,6.7317534246575335
00-04,11.9,6.716164383561644
00-04,11.96,6.717260273972603
00-04,12.0,6.706849315068492
00-04,12.0,6.673972602739727
00-04,12.0,6.641095890410958
00-04,12.0,6.608219178082193
00-04,12.0,6.575342465753424
00-04,12.09,6.591534246575343
00-04,12.48,6.769972602739726
00-04,12.48,6.735780821917809
00-04,12.56,6.74454794520548
00-04,12.57,6.715479452054795
00-04,12.67,6.734191780821918
00-04,12.76,6.747068493150684
00-04,12.81,6.738410958904111
00-04,12.97,6.787041095890411
00-04,13.0,6.767123287671234
00-04,13.05,6.757397260273973
00-04,13.06,6.726794520547945
00-04,13.15,6.737123287671233
00-04,13.18,6.716383561643836
00-04,13.3,6.74109589041096
00-04,13.34,6.724821917808218
00-04,13.45,6.743424657534247
00-04,13.5,6.731506849315068
00-04,13.5,6.694520547945205
00-04,13.58,6.696986301369862
00-04,13.81,6.772575342465753
00-04,13.84,6.7493698630136985
00-04,13.87,6.726
00-04,14.0,6.75068493150685
00-04,14.0,6.712328767123288
00-04,14.0,6.673972602739727
00-04,14.6,6.920000000000001
00-04,14.68,6.917698630136986
00-04,15.0,7.027397260273972
00-04,15.0,6.986301369863013
00-04,15.0,6.945205479452055
00-04,15.0,6.904109589041096
00-04,15.0,6.863013698630137
00-04,15.19,6.908328767123288
00-04,15.46,6.988767123287672
00-04,15.58,7.000328767123288
00-04,15.64,6.984438356164385
00-04,15.68,6.959342465753424
00-04,15.69,6.920794520547944
00-04,16.0,7.013698630136986
00-04,16.0,6.96986301369863
00-04,16.0,6.926027397260274
00-04,16.04,6.899397260273973
00-04,16.23,6.936657534246576
00-04,16.35,6.943150684931508
00-04,16.41,6.923671232876713
00-04,16.58,6.949972602739726
00-04,16.82,7.004493150684931
00-04,16.85,6.97082191780822
00-04,17.0,6.986301369863013
00-04,17.0,6.93972602739726
00-04,17.0,6.8931506849315065
00-04,17.05,6.8667123287671235
00-04,17.15,6.859999999999999
00-04,17.19,6.828904109589042
00-04,17.48,6.896219178082193
00-04,17.5,6.856164383561643
00-04,17.5,6.808219178082191
00-04,17.65,6.818219178082191
00-04,17.8,6.8273972602739725
00-04,17.88,6.809095890410958
00-04,17.88,6.760109589041096
00-04,17.95,6.737397260273973
00-04,18.0,6.706849315068494
00-04,18.0,6.657534246575343
00-04,18.0,6.608219178082193
00-04,18.1,6.595342465753424
00-04,18.68,6.755506849315068
00-04,18.93,6.794054794520547
00-04,19.0,6.767123287671232
00-04,19.0,6.715068493150685
00-04,19.11,6.7015890410958905
00-04,19.11,6.649232876712329
00-04,19.19,6.624493150684932
00-04,19.2,6.575342465753425
00-04,19.37,6.580493150684933
00-04,19.41,6.54090410958904
00-04,19.66,6.571287671232876
00-04,19.8,6.563835616438356
00-04,19.82,6.516164383561644
00-04,19.9,6.487945205479451
00-04,20.0,6.465753424657534
00-04,20.0,6.41095890410959
00-04,20.0,6.356164383561644
00-04,20.2,6.3643835616438365
00-04,20.32,6.3465205479452065
00-04,20.5,6.346575342465752
00-04,20.58,6.314958904109588
00-04,20.81,6.328520547945205
00-04,21.0,6.328767123287671
00-04,21.0,6.271232876712329
00-04,21.0,6.213698630136986
00-04,22.0,6.449315068493151
00-04,22.0,6.389041095890412
00-04,22.0,6.3287671232876725
00-04,22.0,6.268493150684932
00-04,22.0,6.2082191780821905
00-04,22.18,6.1982465753424645
00-04,22.3,6.170684931506849
00-04,22.34,6.120547945205479
00-04,22.6,6.12986301369863
00-04,22.67,6.086739726027398
00-04,23.0,6.112328767123288
00-04,23.54,6.191342465753425
00-04,23.98,6.241369863013699
00-04,24.0,6.18082191780822
00-04,24.32,6.196602739726027
00-04,24.47,6.167780821917807
00-04,25.0,6.232876712328767
00-04,25.0,6.164383561643835
00-04,25.0,6.095890410958904
00-04,25.1,6.051506849315069
00-04,25.3,6.030410958904111
00-04,25.68,6.050630136986302
00-04,25.91,6.033835616438357
00-04,26.04,5.992767123287672
00-04,26.04,5.921424657534245
00-04,26.05,5.852328767123287
00-04,26.6,5.9030136986301365
00-04,27.0,5.917808219178082
00-04,27.08,5.8611506849315065
00-04,27.1,5.791232876712329
00-04,27.78,5.8604383561643845
00-04,27.83,5.794739726027398
00-04,27.92,5.736986301369865
00-04,28.42,5.761863013698632
00-04,28.65,5.729999999999999
00-04,28.78,5.677150684931506
00-04,29.0,5.641095890410958
00-04,29.0,5.561643835616438
00-04,29.0,5.482191780821918
00-04,29.16,5.43254794520548
00-04,29.16,5.352657534246576
00-04,29.35,5.307123287671234
00-04,29.87,5.319315068493152
00-04,29.9,5.242739726027396
00-04,30.0,5.17808219178082
00-04,30.0,5.095890410958903
00-04,30.0,5.013698630136986
00-04,30.21,4.966027397260274
00-04,31.4,5.075616438356164
00-04,31.49,5.003890410958904
00-04,32.17,5.0238082191780835
00-04,32.3,4.955616438356165
00-04,32.96,4.966575342465755
00-04,33.15,4.904383561643834
00-04,33.2,4.820821917808218
00-04,33.46,4.76690410958904
00-04,33.54,4.6864109589041085
00-04,33.68,4.6136986301369864
00-04,34.0,4.564383561643836
00-04,34.23,4.501479452054794
00-04,34.47,4.438602739726028
00-04,34.7,4.373150684931509
00-04,34.73,4.28178082191781
00-04,35.0,4.219178082191779
00-04,35.0,4.123287671232875
00-04,35.0,4.027397260273972
00-04,35.08,3.940493150684931
00-04,35.84,3.9276712328767123
00-04,36.46,3.8957260273972607
00-04,37.26,3.8791232876712334
00-04,38.0,3.8520547945205488
00-04,38.0,3.7479452054794535
00-04,38.0,3.6438356164383583
00-04,38.99,3.6319452054794503
00-04,39.2,3.5441095890410947
00-04,39.87,3.4954520547945194
00-04,41.01,3.4830410958904103
00-04,45.0,3.698630136986301
00-04,45.0,3.575342465753425
00-04,46.51,3.567890410958905
00-04,46.54,3.4426849315068506
00-04,47.0,3.347945205479454
00-04,47.58,3.2589041095890434
00-04,47.59,3.1292054794520525
00-04,48.15,3.034109589041094
00-04,48.75,2.9383561643835603
00-04,49.0,2.81917808219178
00-04,49.0,2.684931506849315
00-04,49.87,2.5959726027397263
00-04,50.0,2.465753424657535
00-04,50.0,2.3287671232876725
00-04,50.0,2.1917808219178103
00-04,50.31,2.0675342465753452
00-04,51.49,1.9749589041095867
00-04,52.09,1.855260273972601
00-04,53.88,1.7713972602739714
00-04,55.0,1.6575342465753418
00-04,58.19,1.5942465753424655
00-04,59.2,1.459726027397261
00-04,60.5,1.3260273972602752
00-04,65.1,1.2484931506849335
00-04,67.71,1.1130410958904138
00-04,80.0,1.0958904109589085
00-04,87.1,0.9545205479452015
00-04,97.46,0.8010410958904076
00-04,99.0,0.5424657534246553
00-04,120.0,0.3287671232876699
00-04,149.0,0.0
04-08,2.34,2.3335537190082642
04-08,2.69,2.6751790633608814
04-08,2.9,2.87603305785124
04-08,3.2,3.1647382920110196
04-08,3.34,3.2939944903581266
04-08,3.45,3.392975206611571
04-08,3.68,3.6090358126721767
04-08,3.8,3.7162534435261705
04-08,4.1,3.998347107438016
04-08,4.1,3.9870523415977956
04-08,4.5,4.363636363636363
04-08,4.5,4.351239669421488
04-08,4.59,4.425619834710743
04-08,4.74,4.557190082644628
04-08,4.9,4.697520661157025
04-08,5.0,4.77961432506887
04-08,5.0,4.765840220385675
04-08,5.0,4.752066115702479
04-08,5.0,4.738292011019284
04-08,5.0,4.7245179063360885
04-08,5.16,4.861487603305785
04-08,5.27,4.95060606060606
04-08,5.31,4.973553719008264
04-08,5.45,5.089669421487604
04-08,5.56,5.177079889807162
04-08,5.6,5.198898071625344
04-08,5.64,5.220495867768595
04-08,5.7,5.260330578512397
04-08,5.74,5.281432506887052
04-08,5.9,5.412396694214877
04-08,5.9,5.396143250688706
04-08,6.0,5.471074380165289
04-08,6.0,5.454545454545454
04-08,6.0,5.438016528925619
04-08,6.0,5.421487603305785
04-08,6.0,5.404958677685951
04-08,6.0,5.3884297520661155
04-08,6.07,5.434573002754822
04-08,6.12,5.462479338842975
04-08,6.13,5.454517906336088
04-08,6.14,5.446501377410468
04-08,6.18,5.46495867768595
04-08,6.35,5.597796143250688
04-08,6.55,5.756060606060606
04-08,6.6,5.781818181818181
04-08,6.72,5.868429752066116
04-08,6.75,5.87603305785124
04-08,6.75,5.857438016528926
04-08,6.76,5.847493112947658
04-08,6.8,5.863360881542699
04-08,6.86,5.896198347107439
04-08,6.96,5.96297520661157
04-08,7.0,5.977961432506887
04-08,7.0,5.958677685950414
04-08,7.0,5.9393939393939394
04-08,7.0,5.920110192837465
04-08,7.0,5.900826446280991
04-08,7.0,5.881542699724518
04-08,7.0,5.862258953168045
04-08,7.05,5.884710743801652
04-08,7.05,5.865289256198347
04-08,7.18,5.95366391184573
04-08,7.29,6.024793388429752
04-08,7.44,6.128264462809917
04-08,7.46,6.124187327823691
04-08,7.5,6.136363636363636
04-08,7.52,6.1320110192837465
04-08,7.52,6.11129476584022
04-08,7.59,6.1472727272727266
04-08,7.6,6.134435261707989
04-08,7.69,6.185895316804408
04-08,7.94,6.365123966942149
04-08,8.0,6.3911845730027546
04-08,8.0,6.369146005509641
04-08,8.0,6.347107438016529
04-08,8.0,6.325068870523416
04-08,8.0,6.303030303030303
04-08,8.0,6.2809917355371905
04-08,8.0,6.258953168044077
04-08,8.05,6.275895316804408
04-08,8.08,6.27702479338843
04-08,8.14,6.301212121212121
04-08,8.22,6.340495867768595
04-08,8.3,6.379338842975207
04-08,8.36,6.4024242424242415
04-08,8.38,6.394655647382921
04-08,8.46,6.4323966942148765
04-08,8.5,6.4393939393939394
04-08,8.55,6.453719008264463
04-08,8.64,6.497851239669421
04-08,8.66,6.489035812672177
04-08,8.71,6.502506887052342
04-08,8.74,6.500826446280992
04-08,8.78,6.506391184573003
04-08,8.8,6.496969696969698
04-08,8.81,6.4800826446281
04-08,8.86,6.492451790633609
04-08,8.9,6.497245179063361
04-08,9.0,6.545454545454546
04-08,9.0,6.520661157024794
04-08,9.0,6.495867768595041
04-08,9.1,6.542975206611571
04-08,9.15,6.553719008264463
04-08,9.2,6.564187327823691
04-08,9.23,6.560165289256199
04-08,9.29,6.577217630853993
04-08,9.3,6.558677685950414
04-08,9.32,6.547107438016529
04-08,9.39,6.570413223140496
04-08,9.46,6.593333333333335
04-08,9.75,6.768595041322314
04-08,9.78,6.762479338842975
04-08,9.87,6.797520661157025
04-08,9.89,6.7840495867768595
04-08,9.92,6.7773002754820935
04-08,10.0,6.804407713498622
04-08,10.0,6.776859504132231
04-08,10.0,6.749311294765841
04-08,10.0,6.7217630853994494
04-08,10.06,6.734380165289257
04-08,10.13,6.753333333333335
04-08,10.26,6.811735537190081
04-08,10.5,6.9421487603305785
04-08,10.79,7.104159779614324
04-08,10.8,7.08099173553719
04-08,10.9,7.116528925619836
04-08,10.94,7.112506887052342
04-08,10.97,7.1017906336088155
04-08,11.0,7.090909090909092
04-08,11.0,7.06060606060606
04-08,11.0,7.03030303030303
04-08,11.11,7.069999999999999
04-08,11.13,7.0520661157024795
04-08,11.15,7.034022038567493
04-08,11.16,7.009586776859504
04-08,11.51,7.19771349862259
04-08,11.57,7.203360881542701
04-08,11.57,7.171487603305785
04-08,11.7,7.219834710743801
04-08,11.75,7.21831955922865
04-08,11.82,7.228760330578512
04-08,11.88,7.232727272727273
04-08,11.9,7.212121212121213
04-08,11.96,7.215537190082645
04-08,11.98,7.194600550964188
04-08,12.0,7.173553719008264
04-08,12.0,7.140495867768595
04-08,12.0,7.107438016528926
04-08,12.0,7.074380165289256
04-08,12.0,7.041322314049587
04-08,12.01,7.014104683195592
04-08,12.1,7.033333333333333
04-08,12.21,7.063636363636365
04-08,12.29,7.076060606060604
04-08,12.33,7.065123966942149
04-08,12.46,7.105289256198348
04-08,12.53,7.110688705234159
04-08,12.63,7.132644628099174
04-08,12.81,7.199008264462811
04-08,12.9,7.214049586776859
04-08,12.9,7.178512396694216
04-08,12.9,7.1429752066115695
04-08,13.0,7.162534435261708
04-08,13.0,7.126721763085399
04-08,13.11,7.15090909090909
04-08,13.24,7.18534435261708
04-08,13.58,7.332451790633609
04-08,13.58,7.29504132231405
04-08,13.72,7.33245179063361
04-08,13.79,7.331873278236913
04-08,13.9,7.352066115702479
04-08,14.0,7.366391184573002
04-08,14.0,7.327823691460054
04-08,14.0,7.289256198347108
04-08,14.0,7.25068870523416
04-08,14.0,7.212121212121212
04-08,14.0,7.173553719008265
04-08,14.03,7.1502754820936625
04-08,14.06,7.1268319559228654
04-08,14.09,7.103223140495867
04-08,14.17,7.1045179063360875
04-08,14.3,7.130303030303031
04-08,14.63,7.254545454545455
04-08,14.97,7.381900826446281
04-08,15.0,7.355371900826445
04-08,15.0,7.31404958677686
04-08,15.0,7.272727272727273
04-08,15.0,7.231404958677686
04-08,15.0,7.190082644628099
04-08,15.0,7.148760330578513
04-08,15.0,7.107438016528926
04-08,15.0,7.066115702479339
04-08,15.1,7.071625344352617
04-08,15.12,7.039338842975207
04-08,15.28,7.071735537190083
04-08,15.4,7.084848484848485
04-08,15.64,7.152176308539945
04-08,15.69,7.131818181818182
04-08,15.98,7.219614325068871
04-08,16.0,7.184573002754821
04-08,16.0,7.140495867768594
04-08,16.0,7.09641873278237
04-08,16.2,7.140495867768595
04-08,16.23,7.10900826446281
04-08,16.32,7.103471074380165
04-08,16.59,7.175289256198348
04-08,16.71,7.181157024793389
04-08,16.8,7.1735537190082646
04-08,16.96,7.195151515151514
04-08,17.0,7.1652892561983474
04-08,17.0,7.118457300275482
04-08,17.0,7.071625344352617
04-08,17.0,7.024793388429751
04-08,17.02,6.986170798898072
04-08,17.15,6.99228650137741
04-08,17.16,6.949090909090909
04-08,17.17,6.905840220385675
04-08,17.18,6.862534435261709
04-08,17.2,6.823140495867769
04-08,17.26,6.79939393939394
04-08,17.27,6.755757575757575
04-08,17.41,6.762561983471075
04-08,17.48,6.741597796143251
04-08,17.5,6.701101928374655
04-08,17.5,6.65289256198347
04-08,17.55,6.623553719008266
04-08,17.57,6.582699724517907
04-08,17.73,6.593801652892562
04-08,17.77,6.559724517906335
04-08,17.89,6.55473829201102
04-08,17.9,6.509090909090909
04-08,17.9,6.459779614325068
04-08,18.0,6.446280991735536
04-08,18.0,6.3966942148760335
04-08,18.0,6.347107438016529
04-08,18.0,6.297520661157025
04-08,18.05,6.265289256198346
04-08,18.08,6.225895316804408
04-08,18.53,6.329807162534435
04-08,18.8,6.370247933884297
04-08,19.0,6.385674931129476
04-08,19.0,6.333333333333334
04-08,19.0,6.2809917355371905
04-08,19.06,6.24831955922865
04-08,19.29,6.270578512396693
04-08,19.43,6.262561983471075
04-08,19.58,6.256969696969697
04-08,19.69,6.237878787878788
04-08,19.76,6.205619834710744
04-08,19.94,6.207217630853996
04-08,19.97,6.161542699724517
04-08,20.0,6.115702479338843
04-08,20.0,6.06060606060606
04-08,20.0,6.005509641873279
04-08,20.0,5.950413223140496
04-08,20.0,5.895316804407713
04-08,20.0,5.840220385674931
04-08,20.0,5.78512396694215
04-08,20.0,5.7300275482093666
04-08,20.0,5.674931129476583
04-08,20.0,5.619834710743801
04-08,20.02,5.570303030303031
04-08,20.02,5.515151515151516
04-08,20.16,5.498181818181818
04-08,20.29,5.477741046831954
04-08,20.99,5.608898071625345
04-08,21.0,5.553719008264463
04-08,21.0,5.495867768595041
04-08,21.0,5.438016528925619
04-08,21.0,5.380165289256199
04-08,21.09,5.345123966942149
04-08,21.2,5.314600550964187
04-08,21.31,5.283471074380164
04-08,21.76,5.335096418732784
04-08,22.0,5.333333333333334
04-08,22.0,5.2727272727272725
04-08,22.0,5.212121212121211
04-08,22.1,5.174931129476585
04-08,22.11,5.116363636363636
04-08,22.19,5.073746556473829
04-08,22.48,5.078126721763084
04-08,22.5,5.0206611570247945
04-08,22.67,4.996143250688705
04-08,23.0,5.005509641873278
04-08,23.24,4.993719008264462
04-08,23.6,5.006060606060607
04-08,23.73,4.968264462809918
04-08,23.87,4.931818181818182
04-08,24.0,4.892561983471073
04-08,24.0,4.826446280991736
04-08,24.35,4.829752066115703
04-08,24.85,4.860468319559228
04-08,24.94,4.809366391184572
04-08,25.0,4.75206611570248
04-08,25.0,4.683195592286501
04-08,25.0,4.614325068870523
04-08,25.0,4.545454545454544
04-08,25.0,4.476584022038568
04-08,25.0,4.40771349862259
04-08,25.02,4.3423140495867765
04-08,25.08,4.283636363636362
04-08,25.15,4.226308539944904
04-08,25.98,4.294214876033058
04-08,26.37,4.286033057851239
04-08,26.73,4.27090909090909
04-08,27.0,4.239669421487604
04-08,27.02,4.168374655647383
04-08,27.59,4.18030303030303
04-08,27.9,4.150413223140494
04-08,29.24,4.269201101928376
04-08,29.39,4.210137741046832
04-08,29.7,4.172727272727272
04-08,29.75,4.0977961432506875
04-08,29.77,4.018539944903583
04-08,29.9,3.953719008264463
04-08,30.0,3.884297520661156
04-08,30.0,3.801652892561982
04-08,30.0,3.719008264462811
04-08,30.0,3.6363636363636367
04-08,30.0,3.553719008264462
04-08,32.44,3.7533884297520643
04-08,32.65,3.687741046831957
04-08,33.34,3.673829201101929
04-08,34.0,3.65289256198347
04-08,35.0,3.6639118457300257
04-08,35.0,3.5674931129476595
04-08,35.0,3.4710743801652892
04-08,35.43,3.416115702479338
04-08,37.82,3.5423691460055076
04-08,38.0,3.454545454545456
04-08,38.41,3.386005509641873
04-08,39.0,3.330578512396693
04-08,40.0,3.30578512396694
04-08,42.36,3.38413223140496
04-08,44.31,3.417851239669422
04-08,44.45,3.306198347107437
04-08,45.0,3.2231404958677663
04-08,45.0,3.0991735537190097
04-08,45.0,2.975206611570248
04-08,45.11,2.858209366391183
04-08,46.73,2.8321212121212094
04-08,49.0,2.8347107438016543
04-08,49.0,2.6997245179063363
04-08,50.0,2.617079889807161
04-08,50.0,2.4793388429752037
04-08,50.0,2.341597796143252
04-08,50.0,2.203856749311295
04-08,50.0,2.0661157024793377
04-08,50.0,1.9283746556473802
04-08,50.04,1.7920661157024806
04-08,52.0,1.71900826446281
04-08,55.0,1.6666666666666652
04-08,55.0,1.515151515151512
04-08,55.76,1.3824793388429768
04-08,59.15,1.3035812672176308
04-08,65.0,1.253443526170797
04-08,68.23,1.1277685950413185
04-08,72.23,0.9949035812672197
04-08,75.0,0.8264462809917356
04-08,80.0,0.6611570247933862
04-08,82.0,0.4517906336088109
04-08,99.0,0.2727272727272755
04-08,100.0,0.0
08-12,2.94,2.931900826446281
08-12,3.8,3.7790633608815423
08-12,4.2,4.1652892561983474
08-12,4.4,4.351515151515152
08-12,4.49,4.428154269972452
08-12,4.5,4.425619834710744
08-12,4.78,4.687823691460055
08-12,4.84,4.733333333333333
08-12,4.9,4.778512396694215
08-12,5.2,5.056749311294766
08-12,5.33,5.168484848484849
08-12,5.56,5.3761983471074375
08-12,5.57,5.370523415977962
08-12,5.59,5.374407713498623
08-12,5.62,5.387768595041322
08-12,5.62,5.372286501377411
08-12,5.9,5.623691460055096
08-12,6.0,5.702479338842975
08-12,6.09,5.771239669421488
08-12,6.11,5.7733608815427
08-12,6.13,5.775371900826446
08-12,6.18,5.805454545454546
08-12,6.29,5.891460055096419
08-12,6.4,5.976859504132232
08-12,6.42,5.9778512396694214
08-12,6.54,6.071570247933884
08-12,6.58,6.090578512396695
08-12,6.64,6.127823691460055
08-12,6.67,6.137134986225895
08-12,7.0,6.421487603305786
08-12,7.0,6.402203856749312
08-12,7.0,6.3829201101928374
08-12,7.0,6.363636363636363
08-12,7.0,6.344352617079889
08-12,7.13,6.442534435261708
08-12,7.14,6.431900826446281
08-12,7.2,6.466115702479339
08-12,7.21,6.455234159779614
08-12,7.27,6.488925619834711
08-12,7.3,6.4955922865013775
08-12,7.33,6.502093663911846
08-12,7.37,6.517272727272727
08-12,7.7,6.787878787878788
08-12,7.8,6.8545454545454545
08-12,7.9,6.920661157024793
08-12,7.94,6.933829201101929
08-12,8.0,6.964187327823692
08-12,8.0,6.9421487603305785
08-12,8.0,6.920110192837465
08-12,8.0,6.898071625344352
08-12,8.0,6.87603305785124
08-12,8.0,6.853994490358127
08-12,8.0,6.8319559228650135
08-12,8.0,6.809917355371901
08-12,8.0,6.787878787878788
08-12,8.11,6.858870523415978
08-12,8.11,6.836528925619834
08-12,8.17,6.8646005509641865
08-12,8.33,6.976088154269973
08-12,8.4,7.011570247933885
08-12,8.47,7.046666666666667
08-12,8.5,7.048209366391185
08-12,8.5,7.024793388429752
08-12,8.57,7.059035812672176
08-12,8.73,7.166776859504132
08-12,8.82,7.216363636363636
08-12,8.84,7.208374655647383
08-12,8.88,7.216528925619835
08-12,8.89,7.200165289256199
08-12,8.92,7.199889807162535
08-12,8.96,7.20749311294766
08-12,9.0,7.214876033057851
08-12,9.0,7.190082644628099
08-12,9.0,7.165289256198347
08-12,9.0,7.140495867768595
08-12,9.0,7.115702479338843
08-12,9.0,7.090909090909091
08-12,9.12,7.160330578512396
08-12,9.17,7.174325068870523
08-12,9.28,7.234820936639118
08-12,9.3,7.224793388429752
08-12,9.37,7.253360881542698
08-12,9.4,7.25068870523416
08-12,9.44,7.255537190082644
08-12,9.47,7.252506887052342
08-12,9.5,7.249311294765841
08-12,9.57,7.276363636363636
08-12,9.78,7.409090909090908
08-12,9.78,7.382148760330578
08-12,9.82,7.385289256198346
08-12,9.86,7.388209366391185
08-12,9.88,7.375977961432508
08-12,9.9,7.363636363636363
08-12,10.0,7.410468319559229
08-12,10.0,7.3829201101928374
08-12,10.0,7.355371900826446
08-12,10.0,7.327823691460056
08-12,10.0,7.300275482093664
08-12,10.0,7.272727272727273
08-12,10.0,7.245179063360881
08-12,10.0,7.21763085399449
08-12,10.0,7.1900826446281
08-12,10.0,7.162534435261708
08-12,10.08,7.192066115702479
08-12,10.16,7.221157024793389
08-12,10.17,7.200247933884297
08-12,10.34,7.292121212121212
08-12,10.36,7.277685950413223
08-12,10.37,7.256143250688704
08-12,10.5,7.318181818181818
08-12,10.59,7.351735537190082
08-12,10.63,7.350220385674931
08-12,10.71,7.376033057851241
08-12,10.75,7.373966942148759
08-12,10.88,7.433168044077136
08-12,10.89,7.41
08-12,10.9,7.386776859504132
08-12,10.98,7.4107438016528935
08-12,11.0,7.3939393939393945
08-12,11.0,7.363636363636363
08-12,11.0,7.333333333333334
08-12,11.0,7.303030303030303
08-12,11.0,7.272727272727273
08-12,11.0,7.242424242424242
08-12,11.0,7.212121212121212
08-12,11.0,7.1818181818181825
08-12,11.13,7.23603305785124
08-12,11.19,7.244214876033057
08-12,11.19,7.213388429752067
08-12,11.21,7.195399449035812
08-12,11.21,7.164517906336089
08-12,11.34,7.216363636363636
08-12,11.39,7.216804407713498
08-12,11.51,7.261129476584022
08-12,11.66,7.323636363636364
08-12,11.96,7.479118457300276
08-12,12.0,7.47107438016529
08-12,12.0,7.438016528925619
08-12,12.0,7.404958677685951
08-12,12.0,7.37190082644628
08-12,12.06,7.375537190082644
08-12,12.19,7.421460055096419
08-12,12.26,7.430303030303031
08-12,12.29,7.414628099173553
08-12,12.42,7.458842975206612
08-12,12.46,7.4485399449035805
08-12,12.5,7.43801652892562
08-12,12.51,7.409504132231405
08-12,12.7,7.487052341597796
08-12,12.85,7.540082644628099
08-12,12.88,7.522203856749312
08-12,12.88,7.4867217630853995
08-12,12.93,7.480165289256199
08-12,12.94,7.450303030303029
08-12,12.95,7.420385674931129
08-12,12.95,7.384710743801652
08-12,13.05,7.405785123966942
08-12,13.08,7.386776859504133
08-12,13.14,7.3844628099173555
08-12,13.14,7.348264462809918
08-12,13.15,7.317630853994491
08-12,13.19,7.303553719008264
08-12,13.19,7.267217630853994
08-12,13.19,7.230881542699724
08-12,13.36,7.287272727272726
08-12,13.43,7.288457300275483
08-12,13.56,7.321652892561984
08-12,13.6,7.305785123966942
08-12,13.71,7.32710743801653
08-12,13.77,7.3212396694214865
08-12,13.81,7.304462809917355
08-12,13.98,7.355867768595042
08-12,14.0,7.327823691460054
08-12,14.0,7.289256198347108
08-12,14.0,7.25068870523416
08-12,14.0,7.212121212121212
08-12,14.0,7.173553719008265
08-12,14.0,7.134986225895316
08-12,14.0,7.09641873278237
08-12,14.1,7.108264462809917
08-12,14.22,7.129586776859504
08-12,14.5,7.230027548209367
08-12,14.71,7.294214876033059
08-12,14.73,7.263553719008264
08-12,14.82,7.267107438016528
08-12,14.88,7.255537190082646
08-12,14.9,7.224242424242425
08-12,15.0,7.231404958677686
08-12,15.0,7.190082644628099
08-12,15.0,7.148760330578513
08-12,15.0,7.107438016528926
08-12,15.0,7.066115702479339
08-12,15.0,7.024793388429751
08-12,15.0,6.983471074380166
08-12,15.05,6.965289256198347
08-12,15.06,6.9284297520661156
08-12,15.1,6.905234159779614
08-12,15.15,6.886363636363638
08-12,15.21,6.871735537190083
08-12,15.56,6.986997245179063
08-12,15.9,7.095867768595041
08-12,16.0,7.09641873278237
08-12,16.0,7.0523415977961434
08-12,16.0,7.008264462809917
08-12,16.0,6.964187327823691
08-12,16.0,6.920110192837466
08-12,16.08,6.9104132231404956
08-12,16.22,6.925895316804407
08-12,16.5,6.999999999999999
08-12,16.53,6.967190082644629
08-12,16.75,7.013774104683196
08-12,16.87,7.0175482093663915
08-12,16.87,6.971074380165289
08-12,16.9,6.936914600550964
08-12,17.0,6.931129476584022
08-12,17.02,6.8923966942148756
08-12,17.03,6.849531680440771
08-12,17.16,6.854545454545455
08-12,17.2,6.823140495867769
08-12,17.34,6.83090909090909
08-12,17.46,6.830082644628098
08-12,17.54,6.81305785123967
08-12,17.67,6.814876033057852
08-12,17.88,6.8466115702479335
08-12,18.0,6.84297520661157
08-12,18.0,6.793388429752067
08-12,18.0,6.743801652892563
08-12,18.0,6.694214876033057
08-12,18.02,6.652011019283745
08-12,18.03,6.606033057851241
08-12,18.05,6.563636363636364
08-12,18.12,6.539173553719008
08-12,18.4,6.58953168044077
08-12,18.9,6.716528925619835
08-12,19.0,6.699724517906336
08-12,19.0,6.647382920110193
08-12,19.01,6.598512396694215
08-12,19.3,6.646005509641874
08-12,19.8,6.763636363636364
08-12,19.98,6.770082644628099
08-12,20.0,6.721763085399449
08-12,20.0,6.666666666666668
08-12,20.0,6.6115702479338845
08-12,20.0,6.556473829201101
08-12,20.0,6.501377410468319
08-12,20.22,6.517190082644628
08-12,20.25,6.471074380165289
08-12,20.29,6.427961432506886
08-12,20.59,6.466280991735537
08-12,21.0,6.537190082644629
08-12,21.0,6.479338842975206
08-12,21.0,6.421487603305785
08-12,21.42,6.49090909090909
08-12,21.5,6.4559228650137745
08-12,21.63,6.435371900826446
08-12,21.83,6.434738292011018
08-12,21.9,6.395041322314048
08-12,22.0,6.363636363636364
08-12,22.07,6.323085399449036
08-12,22.24,6.31052341597796
08-12,22.3,6.266115702479338
08-12,23.0,6.3994490358126725
08-12,23.0,6.336088154269973
08-12,23.0,6.2727272727272725
08-12,23.0,6.209366391184572
08-12,23.0,6.146005509641874
08-12,23.11,6.111735537190083
08-12,23.16,6.061157024793388
08-12,23.37,6.051735537190082
08-12,23.64,6.056528925619836
08-12,24.0,6.082644628099174
08-12,24.0,6.016528925619834
08-12,24.25,6.012396694214875
08-12,24.72,6.060826446280992
08-12,24.77,6.004848484848485
08-12,24.93,5.97495867768595
08-12,24.94,5.908650137741046
08-12,25.0,5.853994490358128
08-12,25.0,5.785123966942149
08-12,25.0,5.7162534435261705
08-12,25.1,5.669972451790633
08-12,25.56,5.7034710743801655
08-12,25.82,5.6903581267217636
08-12,26.0,5.658402203856749
08-12,26.88,5.77586776859504
08-12,26.93,5.712424242424243
08-12,27.0,5.652892561983471
08-12,27.19,5.617768595041322
08-12,27.68,5.642754820936638
08-12,28.33,5.697217630853995
08-12,29.0,5.75206611570248
08-12,29.0,5.672176308539944
08-12,29.02,5.596143250688704
08-12,29.19,5.548512396694216
08-12,29.6,5.544903581267218
08-12,29.77,5.494738292011019
08-12,29.9,5.436363636363635
08-12,29.9,5.353994490358128
08-12,30.0,5.289256198347108
08-12,30.0,5.206611570247933
08-12,30.0,5.123966942148758
08-12,30.0,5.041322314049587
08-12,30.0,4.958677685950414
08-12,30.0,4.876033057851239
08-12,30.0,4.793388429752064
08-12,30.05,4.718595041322315
08-12,30.82,4.754600550964187
08-12,31.0,4.696969696969696
08-12,32.03,4.764793388429751
08-12,34.0,4.9641873278236925
08-12,34.18,4.896308539944903
08-12,34.23,4.809173553719007
08-12,35.0,4.820936639118456
08-12,35.0,4.724517906336089
08-12,37.08,4.903140495867769
08-12,37.62,4.870909090909089
08-12,38.83,4.920606060606058
08-12,39.0,4.834710743801654
08-12,39.52,4.790303030303031
08-12,39.54,4.683801652892561
08-12,40.0,4.628099173553717
08-12,40.0,4.5179063360881555
08-12,40.0,4.40771349862259
08-12,40.0,4.297520661157024
08-12,40.0,4.187327823691458
08-12,40.0,4.0771349862258965
08-12,40.0,3.9669421487603307
08-12,40.0,3.856749311294765
08-12,41.0,3.840220385674929
08-12,41.44,3.7672727272727284
08-12,42.0,3.7024793388429753
08-12,44.45,3.7960055096418723
08-12,44.45,3.6735537190082623
08-12,45.0,3.595041322314051
08-12,45.07,3.476473829201102
08-12,45.93,3.416280991735536
08-12,47.57,3.407217630853992
08-12,48.0,3.3057851239669436
08-12,49.16,3.2502479338842973
08-12,50.0,3.1680440771349847
08-12,50.0,3.0303030303030276
08-12,50.0,2.892561983471076
08-12,50.0,2.7548209366391188
08-12,50.0,2.617079889807161
08-12,50.0,2.4793388429752037
08-12,51.72,2.42214876033058
08-12,51.98,2.2911294765840218
08-12,57.0,2.355371900826445
08-12,57.0,2.198347107438013
08-12,57.0,2.041322314049588
08-12,57.0,1.884297520661157
08-12,57.0,1.7272727272727257
08-12,57.0,1.5702479338842945
08-12,57.0,1.4132231404958695
08-12,58.86,1.297190082644628
08-12,63.19,1.2185399449035794
08-12,63.8,1.054545454545451
08-12,70.0,0.9641873278236934
08-12,78.3,0.8628099173553719
08-12,100.0,0.8264462809917328
08-12,125.0,0.6887052341597727
08-12,166.67,0.45914600550964646
08-12,333.34,0.0
12-16,3.05,3.0415977961432503
12-16,3.15,3.132644628099173
12-16,3.8,3.768595041322314
12-16,4.4,4.351515151515152
12-16,4.89,4.822644628099173
12-16,5.0,4.917355371900827
12-16,5.0,4.903581267217631
12-16,5.0,4.889807162534435
12-16,5.0,4.87603305785124
12-16,5.04,4.901157024793388
12-16,5.05,4.8969696969696965
12-16,5.3,5.124793388429752
12-16,5.4,5.206611570247934
12-16,5.5,5.287878787878788
12-16,5.56,5.330247933884297
12-16,5.57,5.324490358126722
12-16,5.61,5.347272727272728
12-16,5.71,5.426859504132231
12-16,5.77,5.467988980716253
12-16,6.0,5.669421487603306
12-16,6.0,5.652892561983471
12-16,6.0,5.636363636363637
12-16,6.0,5.619834710743802
12-16,6.21,5.799421487603306
12-16,6.27,5.838181818181818
12-16,6.3,5.848760330578512
12-16,6.34,5.868429752066116
12-16,6.45,5.952479338842975
12-16,6.45,5.934710743801653
12-16,6.46,5.926115702479339
12-16,6.52,5.963195592286501
12-16,6.54,5.963471074380165
12-16,6.61,6.009090909090909
12-16,6.69,6.063388429752066
12-16,6.74,6.090137741046832
12-16,6.78,6.1076033057851244
12-16,6.9,6.196694214876033
12-16,6.9,6.177685950413224
12-16,7.0,6.247933884297521
12-16,7.0,6.228650137741047
12-16,7.0,6.209366391184573
12-16,7.0,6.190082644628099
12-16,7.0,6.1707988980716255
12-16,7.03,6.177878787878788
12-16,7.04,6.167272727272727
12-16,7.06,6.16534435261708
12-16,7.1,6.180716253443526
12-16,7.1,6.161157024793388
12-16,7.27,6.288650137741047
12-16,7.27,6.26862258953168
12-16,7.3,6.274380165289256
12-16,7.32,6.271404958677686
12-16,7.32,6.251239669421488
12-16,7.33,6.239586776859505
12-16,7.38,6.261818181818182
12-16,7.42,6.275316804407713
12-16,7.46,6.2885950413223135
12-16,7.48,6.284848484848485
12-16,7.53,6.306115702479339
12-16,7.6,6.343801652892561
12-16,7.77,6.464297520661156
12-16,7.88,6.534104683195593
12-16,7.93,6.553719008264463
12-16,7.99,6.58129476584022
12-16,8.0,6.567493112947658
12-16,8.0,6.545454545454545
12-16,8.0,6.523415977961433
12-16,8.0,6.5013774104683195
12-16,8.0,6.479338842975206
12-16,8.0,6.457300275482094
12-16,8.0,6.435261707988981
12-16,8.0,6.413223140495868
12-16,8.0,6.3911845730027546
12-16,8.0,6.369146005509641
12-16,8.1,6.426446280991735
12-16,8.13,6.427851239669422
12-16,8.21,6.468484848484849
12-16,8.32,6.5322314049586785
12-16,8.41,6.579724517906336
12-16,8.45,6.5877410468319555
12-16,8.5,6.6033057851239665
12-16,8.52,6.5953719008264455
12-16,8.56,6.60275482093664
12-16,8.58,6.594545454545455
12-16,8.65,6.624517906336088
12-16,8.76,6.684628099173554
12-16,8.78,6.675702479338843
12-16,8.79,6.659090909090908
12-16,8.8,6.642424242424243
12-16,8.87,6.670826446280991
12-16,8.89,6.6613774104683205
12-16,8.89,6.636887052341598
12-16,8.9,6.619834710743802
12-16,8.9,6.595316804407714
12-16,8.9,6.570798898071626
12-16,8.9,6.546280991735538
12-16,8.93,6.543746556473829
12-16,8.97,6.548347107438016
12-16,9.0,6.545454545454546
12-16,9.0,6.520661157024794
12-16,9.0,6.495867768595041
12-16,9.0,6.471074380165289
12-16,9.0,6.446280991735537
12-16,9.0,6.421487603305785
12-16,9.21,6.545950413223141
12-16,9.43,6.676336088154269
12-16,9.44,6.657410468319559
12-16,9.5,6.6735537190082646
12-16,9.5,6.647382920110193
12-16,9.5,6.621212121212122
12-16,9.6,6.664462809917356
12-16,9.64,6.665674931129477
12-16,9.9,6.818181818181819
12-16,9.9,6.79090909090909
12-16,9.9,6.763636363636364
12-16,9.9,6.736363636363636
12-16,9.91,6.715867768595041
12-16,9.99,6.742561983471075
12-16,10.0,6.7217630853994494
12-16,10.0,6.694214876033058
12-16,10.0,6.666666666666668
12-16,10.0,6.639118457300275
12-16,10.0,6.6115702479338845
12-16,10.0,6.584022038567493
12-16,10.0,6.556473829201101
12-16,10.0,6.528925619834711
12-16,10.0,6.5013774104683195
12-16,10.0,6.473829201101928
12-16,10.0,6.446280991735538
12-16,10.0,6.418732782369146
12-16,10.0,6.391184573002755
12-16,10.0,6.363636363636363
12-16,10.0,6.336088154269972
12-16,10.06,6.346391184573004
12-16,10.11,6.350082644628099
12-16,10.19,6.372258953168044
12-16,10.22,6.362865013774106
12-16,10.29,6.378099173553718
12-16,10.33,6.37443526170799
12-16,10.34,6.352121212121212
12-16,10.57,6.464297520661157
12-16,10.62,6.465619834710743
12-16,10.72,6.496969696969698
12-16,10.82,6.527768595041322
12-16,10.82,6.497961432506888
12-16,10.85,6.4860881542699715
12-16,10.9,6.485950413223141
12-16,11.0,6.515151515151515
12-16,11.0,6.484848484848484
12-16,11.0,6.454545454545455
12-16,11.0,6.424242424242425
12-16,11.05,6.423002754820937
12-16,11.06,6.398347107438018
12-16,11.09,6.385151515151514
12-16,11.13,6.377520661157026
12-16,11.2,6.386776859504132
12-16,11.31,6.4183471074380165
12-16,11.48,6.483195592286502
12-16,11.55,6.490909090909091
12-16,11.68,6.531790633608815
12-16,11.69,6.505179063360882
12-16,11.77,6.517272727272727
12-16,11.85,6.528925619834711
12-16,11.85,6.496280991735537
12-16,11.9,6.49090909090909
12-16,12.0,6.5123966942148765
12-16,12.0,6.479338842975206
12-16,12.0,6.446280991735537
12-16,12.0,6.413223140495869
12-16,12.0,6.3801652892561975
12-16,12.07,6.384132231404959
12-16,12.42,6.53504132231405
12-16,12.43,6.506060606060605
12-16,12.5,6.508264462809918
12-16,12.63,6.541157024793389
12-16,13.0,6.696969696969697
12-16,13.0,6.66115702479339
12-16,13.0,6.625344352617079
12-16,13.28,6.731460055096418
12-16,13.28,6.6948760330578505
12-16,13.31,6.673333333333333
12-16,13.55,6.756336088154271
12-16,13.89,6.887603305785125
12-16,13.94,6.873994490358126
12-16,13.95,6.8404958677685945
12-16,13.97,6.811818181818182
12-16,14.0,6.787878787878788
12-16,14.0,6.74931129476584
12-16,14.0,6.710743801652892
12-16,14.0,6.672176308539946
12-16,14.0,6.633608815426998
12-16,14.54,6.849421487603305
12-16,14.55,6.814049586776859
12-16,14.56,6.778622589531682
12-16,14.64,6.775537190082645
12-16,14.89,6.850220385674931
12-16,14.9,6.813774104683195
12-16,15.0,6.818181818181818
12-16,15.0,6.776859504132232
12-16,15.0,6.735537190082645
12-16,15.0,6.694214876033057
12-16,15.01,6.65732782369146
12-16,15.09,6.6512396694214875
12-16,15.11,6.618429752066115
12-16,15.37,6.6899724517906325
12-16,15.54,6.7211570247933885
12-16,15.77,6.777190082644628
12-16,15.9,6.789256198347108
12-16,16.0,6.787878787878787
12-16,16.02,6.752231404958678
12-16,16.03,6.712286501377411
12-16,16.06,6.68060606060606
12-16,16.34,6.752066115702479
12-16,16.4,6.73168044077135
12-16,16.67,6.7965840220385685
12-16,16.67,6.750661157024794
12-16,16.9,6.79724517906336
12-16,17.0,6.790633608815428
12-16,17.0,6.743801652892563
12-16,17.0,6.696969696969696
12-16,17.0,6.650137741046831
12-16,17.02,6.61107438016529
12-16,17.02,6.564187327823691
12-16,17.13,6.559421487603305
12-16,17.14,6.5160330578512395
12-16,17.16,6.476363636363637
12-16,17.5,6.556473829201102
12-16,17.62,6.552892561983471
12-16,17.75,6.552341597796143
12-16,17.78,6.51443526170799
12-16,17.96,6.530909090909091
12-16,18.0,6.495867768595041
12-16,18.0,6.446280991735536
12-16,18.0,6.3966942148760335
12-16,18.02,6.354159779614325
12-16,18.08,6.3255096418732775
12-16,18.2,6.317355371900826
12-16,18.25,6.28443526170799
12-16,18.28,6.244407713498624
12-16,18.31,6.204214876033057
12-16,18.32,6.157134986225895
12-16,18.4,6.133333333333334
12-16,18.43,6.092561983471074
12-16,18.96,6.215537190082644
12-16,19.0,6.176308539944903
12-16,19.14,6.16909090909091
12-16,19.21,6.138732782369146
12-16,19.34,6.126997245179063
12-16,19.38,6.086280991735536
12-16,19.64,6.113829201101929
12-16,19.98,6.164628099173554
12-16,19.98,6.109586776859504
12-16,20.0,6.06060606060606
12-16,20.0,6.005509641873279
12-16,20.0,5.950413223140496
12-16,20.0,5.895316804407713
12-16,20.0,5.840220385674931
12-16,20.0,5.78512396694215
12-16,20.0,5.7300275482093666
12-16,20.61,5.848016528925619
12-16,20.75,5.830578512396693
12-16,21.0,5.842975206611571
12-16,21.0,5.785123966942149
12-16,21.0,5.727272727272727
12-16,21.53,5.812506887052341
12-16,21.67,5.790606060606062
12-16,22.0,5.818181818181818
12-16,22.0,5.757575757575757
12-16,22.29,5.772066115702478
12-16,22.3,5.713223140495868
12-16,22.46,5.692341597796144
12-16,22.8,5.715702479338843
12-16,23.0,5.702479338842974
12-16,23.12,5.668539944903582
12-16,23.15,5.612121212121212
12-16,23.69,5.677768595041322
12-16,23.91,5.6646280991735525
12-16,23.97,5.6128099173553725
12-16,24.0,5.553719008264463
12-16,24.0,5.4876033057851235
12-16,24.0,5.421487603305784
12-16,24.11,5.3799173553719015
12-16,24.64,5.430303030303031
12-16,24.87,5.412479338842975
12-16,25.0,5.3719008264462795
12-16,25.0,5.303030303030304
12-16,25.0,5.234159779614325
12-16,25.0,5.165289256198347
12-16,25.0,5.096418732782368
12-16,25.0,5.027548209366392
12-16,25.0,4.958677685950414
12-16,25.03,4.895674931129476
12-16,25.15,4.849862258953166
12-16,25.35,4.8185950413223155
12-16,25.58,4.791845730027548
12-16,25.75,4.752754820936638
12-16,26.68,4.85090909090909
12-16,27.0,4.834710743801653
12-16,27.53,4.853774104683196
12-16,27.8,4.824793388429751
12-16,27.99,4.780661157024792
12-16,28.0,4.705234159779615
12-16,29.0,4.793388429752066
12-16,29.24,4.75250688705234
12-16,29.35,4.68953168044077
12-16,29.9,4.69504132231405
12-16,30.0,4.62809917355372
12-16,30.0,4.545454545454545
12-16,30.0,4.46280991735537
12-16,30.0,4.380165289256199
12-16,30.0,4.297520661157025
12-16,30.52,4.28793388429752
12-16,30.53,4.205234159779613
12-16,31.02,4.187272727272728
12-16,31.18,4.12297520661157
12-16,31.37,4.061680440771349
12-16,31.41,3.9803305785123952
12-16,32.0,3.9669421487603316
12-16,34.0,4.121212121212121
12-16,34.2,4.051239669421487
12-16,34.93,4.041487603305783
12-16,35.0,3.953168044077136
12-16,35.0,3.8567493112947657
12-16,35.75,3.84090909090909
12-16,35.78,3.745564738292009
12-16,36.11,3.680633608815428
12-16,36.25,3.59504132231405
12-16,38.0,3.6639118457300266
12-16,39.05,3.657575757575755
12-16,39.45,3.5863636363636378
12-16,39.5,3.482093663911846
12-16,40.0,3.415977961432506
12-16,40.0,3.30578512396694
12-16,40.66,3.248319559228651
12-16,42.55,3.2820936639118456
12-16,42.55,3.16487603305785
12-16,42.56,3.0483746556473807
12-16,42.82,2.9490358126721774
12-16,44.69,2.9547107438016527
12-16,44.71,2.8328650137741036
12-16,45.0,2.727272727272725
12-16,50.0,2.892561983471076
12-16,50.0,2.7548209366391188
12-16,50.0,2.617079889807161
12-16,50.0,2.4793388429752037
12-16,50.0,2.341597796143252
12-16,51.0,2.2479338842975207
12-16,55.56,2.29586776859504
12-16,57.34,2.2114600550964156
12-16,58.86,2.1079338842975224
12-16,64.76,2.140826446280992
12-16,66.0,1.9999999999999982
12-16,66.0,1.8181818181818146
12-16,66.0,1.6363636363636382
12-16,66.0,1.4545454545454546
12-16,66.0,1.272727272727271
12-16,75.26,1.2439669421487562
12-16,79.0,1.088154269972454
12-16,80.0,0.8815426997245179
12-16,100.0,0.8264462809917328
12-16,122.23,0.6734435261707922
12-16,333.34,0.9182920110192929
12-16,500.0,0.0
16-20,6.41,6.392341597796143
16-20,6.75,6.712809917355371
16-20,7.0,6.9421487603305785
16-20,7.0,6.922865013774104
16-20,7.06,6.962754820936638
16-20,7.58,7.4547107438016535
16-20,7.81,7.659393939393939
16-20,8.0,7.823691460055096
16-20,8.4,8.191735537190082
16-20,8.4,8.168595041322314
16-20,8.5,8.242424242424242
16-20,8.5,8.21900826446281
16-20,8.72,8.40771349862259
16-20,8.8,8.460606060606061
16-20,8.86,8.49388429752066
16-20,9.0,8.603305785123966
16-20,9.0,8.578512396694215
16-20,9.0,8.553719008264462
16-20,9.0,8.52892561983471
16-20,9.0,8.50413223140496
16-20,9.0,8.479338842975206
16-20,9.0,8.454545454545455
16-20,9.08,8.504683195592287
16-20,9.19,8.582396694214875
16-20,9.41,8.761928374655648
16-20,9.5,8.819559228650137
16-20,9.59,8.876694214876034
16-20,9.61,8.868732782369145
16-20,9.87,9.081487603305785
16-20,9.99,9.164380165289257
16-20,10.0,9.146005509641874
16-20,10.0,9.118457300275482
16-20,10.0,9.09090909090909
16-20,10.0,9.0633608815427
16-20,10.0,9.03581267217631
16-20,10.0,9.008264462809917
16-20,10.0,8.980716253443525
16-20,10.01,8.962121212121213
16-20,10.02,8.943471074380165
16-20,10.15,9.031542699724518
16-20,10.26,9.101157024793388
16-20,10.26,9.07289256198347
16-20,10.46,9.220936639118458
16-20,10.64,9.350303030303031
16-20,10.89,9.540000000000001
16-20,10.89,9.510000000000002
16-20,10.9,9.48870523415978
16-20,11.0,9.545454545454545
16-20,11.0,9.515151515151516
16-20,11.0,9.484848484848484
16-20,11.02,9.471735537190083
16-20,11.1,9.5099173553719
16-20,11.19,9.556198347107438
16-20,11.25,9.576446280991735
16-20,11.28,9.57090909090909
16-20,11.5,9.725895316804408
16-20,11.56,9.744793388429752
16-20,11.58,9.729752066115703
16-20,11.61,9.72297520661157
16-20,11.62,9.699338842975205
16-20,11.84,9.850358126721762
16-20,11.85,9.82603305785124
16-20,12.0,9.917355371900827
16-20,12.0,9.884297520661157
16-20,12.0,9.851239669421487
16-20,12.06,9.867272727272727
16-20,12.17,9.92374655647383
16-20,12.26,9.9633608815427
16-20,12.34,9.994380165289256
16-20,12.37,9.984600550964187
16-20,12.38,9.958567493112948
16-20,12.46,9.988595041322315
16-20,12.5,9.986225895316805
16-20,12.52,9.967713498622588
16-20,12.52,9.933223140495867
16-20,12.54,9.914545454545454
16-20,12.57,9.903636363636364
16-20,12.87,10.104545454545455
16-20,12.89,10.08473829201102
16-20,12.94,10.088209366391185
16-20,12.95,10.060330578512396
16-20,13.0,10.0633608815427
16-20,13.0,10.027548209366392
16-20,13.0,9.991735537190083
16-20,13.06,10.001873278236914
16-20,13.19,10.065096418732782
16-20,13.27,10.089586776859504
16-20,13.28,10.06060606060606
16-20,13.45,10.152341597796143
16-20,13.46,10.122809917355372
16-20,13.5,10.115702479338843
16-20,13.5,10.078512396694215
16-20,13.52,10.056198347107438
16-20,13.53,10.026363636363637
16-20,13.58,10.026005509641873
16-20,13.69,10.069504132231405
16-20,13.74,10.068429752066116
16-20,13.81,10.081680440771349
16-20,13.86,10.08
16-20,13.9,10.070798898071626
16-20,13.94,10.06137741046832
16-20,14.0,10.06611570247934
16-20,14.0,10.027548209366392
16-20,14.06,10.031790633608816
16-20,14.09,10.014380165289257
16-20,14.17,10.03220385674931
16-20,14.35,10.120110192837465
16-20,14.37,10.094628099173553
16-20,14.45,10.111019283746556
16-20,14.47,10.085151515151516
16-20,14.48,10.052231404958679
16-20,14.49,10.019256198347108
16-20,14.5,9.986225895316805
16-20,14.55,9.980578512396693
16-20,14.67,10.022479338842976
16-20,14.68,9.988870523415978
16-20,14.8,10.029752066115702
16-20,14.83,10.009228650137741
16-20,14.94,10.042314049586777
16-20,14.97,10.021239669421488
16-20,15.0,10.000000000000002
16-20,15.0,9.958677685950413
16-20,15.0,9.917355371900827
16-20,15.12,9.955041322314049
16-20,15.17,9.946170798898072
16-20,15.19,9.917438016528926
16-20,15.21,9.888595041322315
16-20,15.28,9.892011019283746
16-20,15.42,9.9401652892562
16-20,15.48,9.936198347107437
16-20,15.57,9.95107438016529
16-20,15.62,9.94
16-20,15.76,9.985674931129475
16-20,15.8,9.96749311294766
16-20,15.8,9.92396694214876
16-20,15.88,9.930468319559228
16-20,15.9,9.89917355371901
16-20,15.96,9.892561983471074
16-20,15.96,9.848595041322314
16-20,16.0,9.829201101928374
16-20,16.0,9.785123966942148
16-20,16.0,9.741046831955924
16-20,16.11,9.763636363636364
16-20,16.17,9.755454545454546
16-20,16.25,9.758953168044078
16-20,16.33,9.762011019283744
16-20,16.38,9.746776859504132
16-20,16.44,9.737190082644629
16-20,16.47,9.709586776859503
16-20,16.51,9.687685950413226
16-20,16.56,9.671404958677686
16-20,16.77,9.747851239669421
16-20,16.88,9.765289256198347
16-20,16.9,9.730303030303029
16-20,17.0,9.741046831955924
16-20,17.0,9.694214876033058
16-20,17.1,9.704132231404959
16-20,17.14,9.679614325068872
16-20,17.29,9.716694214876032
16-20,17.4,9.730578512396693
16-20,17.58,9.782809917355372
16-20,17.67,9.784214876033058
16-20,17.79,9.801652892561984
16-20,17.9,9.812947658402203
16-20,17.9,9.763636363636362
16-20,17.9,9.714325068870524
16-20,18.0,9.71900826446281
16-20,18.0,9.669421487603305
16-20,18.0,9.619834710743802
16-20,18.0,9.570247933884296
16-20,18.0,9.520661157024794
16-20,18.0,9.47107438016529
16-20,18.0,9.421487603305785
16-20,18.07,9.408347107438017
16-20,18.09,9.36892561983471
16-20,18.32,9.437575757575758
16-20,18.33,9.392231404958679
16-20,18.36,9.357024793388428
16-20,18.39,9.321652892561984
16-20,18.44,9.296198347107438
16-20,18.61,9.330633608815425
16-20,18.64,9.294325068870524
16-20,19.0,9.421487603305785
16-20,19.0,9.369146005509641
16-20,19.06,9.346225895316802
16-20,19.09,9.308347107438017
16-20,19.1,9.260606060606062
16-20,19.25,9.28030303030303
16-20,19.48,9.337520661157024
16-20,19.71,9.393471074380166
16-20,19.99,9.471845730027548
16-20,20.0,9.421487603305785
16-20,20.0,9.366391184573002
16-20,20.39,9.492865013774106
16-20,20.57,9.52
16-20,20.87,9.601349862258953
16-20,21.0,9.603305785123966
16-20,21.0,9.545454545454547
16-20,21.0,9.487603305785123
16-20,21.0,9.429752066115702
16-20,21.19,9.456694214876032
16-20,21.42,9.500330578512399
16-20,21.43,9.44573002754821
16-20,21.78,9.540000000000001
16-20,21.89,9.527878787878787
16-20,21.9,9.471900826446282
16-20,22.0,9.454545454545455
16-20,22.0,9.393939393939394
16-20,22.0,9.333333333333332
16-20,22.15,9.335950413223141
16-20,22.55,9.442424242424243
16-20,22.67,9.430220385674932
16-20,22.8,9.421487603305785
16-20,22.83,9.37099173553719
16-20,22.89,9.332561983471075
16-20,23.03,9.326198347107438
16-20,23.17,9.319063360881543
16-20,23.19,9.26322314049587
16-20,23.5,9.322314049586778
16-20,23.54,9.273333333333333
16-20,23.66,9.255426997245179
16-20,24.0,9.322314049586778
16-20,24.0,9.25619834710744
16-20,24.0,9.190082644628099
16-20,24.4,9.276033057851238
16-20,24.5,9.246556473829202
16-20,24.53,9.190303030303031
16-20,24.87,9.249173553719007
16-20,24.89,9.188044077134986
16-20,24.91,9.1268044077135
16-20,24.95,9.072727272727272
16-20,24.97,9.01121212121212
16-20,25.0,8.953168044077135
16-20,25.0,8.884297520661159
16-20,25.7,9.062258953168044
16-20,26.15,9.148898071625343
16-20,26.88,9.330247933884296
16-20,27.0,9.297520661157026
16-20,27.0,9.223140495867769
16-20,27.15,9.199586776859503
16-20,27.25,9.158402203856747
16-20,27.27,9.090000000000002
16-20,27.3,9.024793388429753
16-20,28.0,9.179063360881543
16-20,28.0,9.101928374655646
16-20,28.48,9.179504132231406
16-20,28.76,9.190523415977962
16-20,28.82,9.130303030303029
16-20,28.9,9.076033057851237
16-20,29.0,9.027548209366392
16-20,29.0,8.947658402203857
16-20,29.0,8.867768595041321
16-20,29.87,9.05151515151515
16-20,29.88,8.972231404958679
16-20,30.0,8.925619834710744
16-20,30.0,8.84297520661157
16-20,30.0,8.760330578512395
16-20,30.16,8.723966942148762
16-20,30.6,8.76694214876033
16-20,30.81,8.742231404958677
16-20,31.0,8.71074380165289
16-20,31.0,8.62534435261708
16-20,31.13,8.575757575757576
16-20,31.3,8.536363636363635
16-20,31.52,8.50953168044077
16-20,31.95,8.537603305785124
16-20,32.0,8.462809917355372
16-20,32.15,8.413911845730027
16-20,32.28,8.359008264462808
16-20,32.54,8.336694214876035
16-20,32.54,8.247052341597795
16-20,33.12,8.30280991735537
16-20,33.6,8.330578512396693
16-20,33.69,8.260082644628099
16-20,34.0,8.242424242424242
16-20,34.0,8.148760330578511
16-20,34.9,8.268319559228647
16-20,35.0,8.195592286501379
16-20,35.0,8.099173553719009
16-20,35.0,8.002754820936639
16-20,35.0,7.906336088154268
16-20,35.0,7.809917355371902
16-20,35.0,7.7134986225895315
16-20,36.0,7.8347107438016526
16-20,36.36,7.812892561983469
16-20,37.08,7.865454545454546
16-20,37.11,7.769586776859504
16-20,37.26,7.698347107438015
16-20,37.96,7.738402203856747
16-20,38.0,7.641873278236916
16-20,38.06,7.54909090909091
16-20,38.2,7.471625344352617
16-20,38.92,7.505234159779612
16-20,39.0,7.4132231404958695
16-20,39.0,7.305785123966943
16-20,39.0,7.198347107438016
16-20,39.19,7.125454545454543
16-20,39.93,7.150000000000001
16-20,40.0,7.0523415977961434
16-20,40.0,6.942148760330578
16-20,40.0,6.831955922865012
16-20,40.0,6.72176308539945
16-20,40.0,6.6115702479338845
16-20,40.0,6.501377410468319
16-20,40.0,6.391184573002753
16-20,40.0,6.280991735537191
16-20,40.0,6.1707988980716255
16-20,40.0,6.06060606060606
16-20,40.09,5.963801652892561
16-20,40.28,5.881101928374657
16-20,41.0,5.873278236914601
16-20,43.01,6.042727272727271
16-20,43.11,5.938016528925617
16-20,43.72,5.9015977961432515
16-20,44.25,5.851239669421488
16-20,44.26,5.730633608815426
16-20,45.0,5.702479338842973
16-20,45.0,5.578512396694216
16-20,46.02,5.578181818181819
16-20,47.0,5.567493112947657
16-20,47.55,5.501652892561981
16-20,49.0,5.534435261707991
16-20,50.0,5.5096418732782375
16-20,50.0,5.3719008264462795
16-20,50.0,5.234159779614322
16-20,50.0,5.096418732782371
16-20,52.0,5.15702479338843
16-20,54.24,5.229752066115701
16-20,55.56,5.2039669421487575
16-20,56.35,5.122727272727275
16-20,57.0,5.024793388429752
16-20,58.0,4.953168044077134
16-20,58.54,4.838016528925617
16-20,60.0,4.793388429752068
16-20,60.23,4.645840220385675
16-20,64.38,4.788595041322312
16-20,65.0,4.655647382920106
16-20,65.0,4.476584022038569
16-20,65.0,4.297520661157025
16-20,66.67,4.224269972451789
16-20,66.67,4.040606060606057
16-20,67.43,3.900909090909093
16-20,67.75,3.7327823691460056
16-20,74.02,3.874325068870521
16-20,77.0,3.818181818181814
16-20,77.78,3.6425895316804433
16-20,79.0,3.482093663911846
16-20,79.0,3.264462809917353
16-20,79.0,3.046831955922861
16-20,79.0,2.829201101928377
16-20,79.0,2.6115702479338845
16-20,79.0,2.393939393939392
16-20,80.0,2.2038567493112904
16-20,80.0,1.9834710743801676
16-20,81.03,1.7857851239669422
16-20,83.0,1.6005509641873257
16-20,83.63,1.3823140495867723
16-20,89.04,1.226446280991738
16-20,100.27,1.1049035812672177
16-20,105.18,0.8692561983471045
16-20,125.0,0.6887052341597727
16-20,127.0,0.3498622589531716
16-20,128.28,0.0
20-00,3.8,3.789531680440771
20-00,3.94,3.9182920110192834
20-00,4.4,4.363636363636364
20-00,4.9,4.8460055096418735
20-00,4.9,4.832506887052342
20-00,5.1,5.0157024793388425
20-00,5.3,5.197796143250689
20-00,5.41,5.2907713498622595
20-00,5.87,5.724462809917355
20-00,5.9,5.737465564738292
20-00,5.98,5.79878787878788
20-00,6.0,5.801652892561983
20-00,6.03,5.81404958677686
20-00,6.24,5.999338842975207
20-00,6.48,6.212231404958678
20-00,6.57,6.2804132231404965
20-00,6.65,6.338567493112948
20-00,6.72,6.386776859504131
20-00,6.81,6.453553719008264
20-00,7.0,6.6143250688705235
20-00,7.0,6.595041322314049
20-00,7.0,6.575757575757576
20-00,7.0,6.556473829201102
20-00,7.0,6.537190082644628
20-00,7.2,6.704132231404959
20-00,7.24,6.721432506887052
20-00,7.38,6.83107438016529
20-00,7.44,6.866115702479339
20-00,7.5,6.900826446280991
20-00,7.71,7.0728099173553725
20-00,7.73,7.069862258953169
20-00,7.77,7.08504132231405
20-00,7.82,7.109090909090909
20-00,7.96,7.2144352617079885
20-00,7.99,7.219614325068871
20-00,8.0,7.206611570247934
20-00,8.0,7.184573002754821
20-00,8.0,7.162534435261708
20-00,8.0,7.140495867768595
20-00,8.0,7.118457300275482
20-00,8.0,7.096418732782369
20-00,8.02,7.092066115702479
20-00,8.1,7.140495867768595
20-00,8.29,7.285151515151514
20-00,8.44,7.393719008264462
20-00,8.6,7.510192837465565
20-00,8.65,7.530027548209367
20-00,8.66,7.514876033057852
20-00,8.67,7.499669421487603
20-00,8.67,7.475785123966942
20-00,8.73,7.503471074380166
20-00,8.96,7.676473829201103
20-00,9.0,7.68595041322314
20-00,9.0,7.661157024793389
20-00,9.0,7.636363636363637
20-00,9.0,7.6115702479338845
20-00,9.0,7.586776859504132
20-00,9.12,7.6628099173553705
20-00,9.16,7.671184573002755
20-00,9.24,7.712727272727273
20-00,9.29,7.728870523415977
20-00,9.4,7.794490358126723
20-00,9.5,7.851239669421488
20-00,9.63,7.932148760330579
20-00,9.9,8.127272727272727
20-00,9.95,8.140909090909089
20-00,10.0,8.154269972451791
20-00,10.0,8.1267217630854
20-00,10.0,8.099173553719009
20-00,10.0,8.071625344352618
20-00,10.0,8.044077134986226
20-00,10.0,8.016528925619834
20-00,10.11,8.07685950413223
20-00,10.12,8.056969696969695
20-00,10.29,8.16396694214876
20-00,10.29,8.135619834710743
20-00,10.45,8.233333333333333
20-00,10.5,8.243801652892563
20-00,10.59,8.285289256198347
20-00,10.94,8.528980716253443
20-00,11.0,8.545454545454545
20-00,11.0,8.515151515151514
20-00,11.0,8.484848484848484
20-00,11.25,8.646694214876034
20-00,11.34,8.684628099173553
20-00,11.49,8.767851239669422
20-00,11.5,8.743801652892563
20-00,11.5,8.712121212121213
20-00,11.67,8.808760330578512
20-00,11.77,8.851818181818182
20-00,11.89,8.90931129476584
20-00,12.0,8.958677685950413
20-00,12.0,8.925619834710744
20-00,12.0,8.892561983471076
20-00,12.0,8.859504132231406
20-00,12.0,8.826446280991735
20-00,12.03,8.815371900826447
20-00,12.19,8.899035812672174
20-00,12.33,8.967272727272727
20-00,12.44,9.013002754820937
20-00,12.47,9.00038567493113
20-00,12.49,8.980413223140497
20-00,12.49,8.946005509641873
20-00,12.57,8.968677685950412
20-00,12.64,8.983801652892563
20-00,12.67,8.97022038567493
20-00,13.0,9.168044077134986
20-00,13.0,9.132231404958677
20-00,13.0,9.096418732782368
20-00,13.0,9.06060606060606
20-00,13.04,9.052561983471074
20-00,13.1,9.058126721763085
20-00,13.38,9.214876033057854
20-00,13.53,9.28090909090909
20-00,13.69,9.352947658402204
20-00,13.86,9.43090909090909
20-00,13.88,9.406280991735537
20-00,13.89,9.374793388429753
20-00,14.0,9.410468319559229
20-00,14.0,9.37190082644628
20-00,14.0,9.333333333333334
20-00,14.0,9.294765840220386
20-00,14.08,9.309090909090909
20-00,14.1,9.283471074380165
20-00,14.17,9.290523415977962
20-00,14.24,9.29719008264463
20-00,14.3,9.296969696969697
20-00,14.38,9.309366391184573
20-00,14.65,9.443801652892564
20-00,15.0,9.628099173553718
20-00,15.0,9.586776859504132
20-00,15.0,9.545454545454545
20-00,15.0,9.504132231404958
20-00,15.0,9.462809917355372
20-00,15.0,9.421487603305785
20-00,15.0,9.380165289256198
20-00,15.0,9.338842975206612
20-00,15.0,9.297520661157023
20-00,15.11,9.324077134986226
20-00,15.22,9.350027548209367
20-00,15.22,9.30809917355372
20-00,15.79,9.613195592286502
20-00,15.8,9.575757575757576
20-00,15.9,9.592561983471075
20-00,16.0,9.608815426997246
20-00,16.0,9.564738292011018
20-00,16.0,9.520661157024794
20-00,16.0,9.476584022038567
20-00,16.0,9.432506887052341
20-00,16.13,9.464710743801653
20-00,16.22,9.472837465564737
20-00,16.49,9.585096418732782
20-00,16.58,9.591735537190083
20-00,16.78,9.66121212121212
20-00,16.8,9.626446280991736
20-00,16.88,9.625785123966942
20-00,16.9,9.590633608815425
20-00,16.96,9.57796143250689
20-00,16.98,9.542479338842975
20-00,17.0,9.506887052341597
20-00,17.0,9.460055096418735
20-00,17.0,9.413223140495866
20-00,17.05,9.393939393939394
20-00,17.17,9.41275482093664
20-00,17.25,9.409090909090908
20-00,17.8,9.660055096418734
20-00,17.85,9.63801652892562
20-00,17.96,9.64793388429752
20-00,18.0,9.619834710743802
20-00,18.08,9.612782369146004
20-00,18.18,9.615867768595042
20-00,18.64,9.807823691460055
20-00,18.64,9.756473829201102
20-00,18.75,9.762396694214877
20-00,18.84,9.757355371900827
20-00,18.86,9.715757575757575
20-00,18.96,9.715041322314052
20-00,19.0,9.6831955922865
20-00,19.7,9.985674931129477
20-00,19.9,10.032231404958676
20-00,19.9,9.977410468319558
20-00,19.9,9.92258953168044
20-00,19.95,9.892561983471074
20-00,20.0,9.862258953168045
20-00,20.0,9.80716253443526
20-00,20.0,9.75206611570248
20-00,20.0,9.696969696969697
20-00,20.0,9.641873278236915
20-00,20.0,9.58677685950413
20-00,20.0,9.53168044077135
20-00,20.06,9.505013774104683
20-00,21.1,9.939669421487604
20-00,21.17,9.914325068870523
20-00,21.33,9.930495867768595
20-00,21.47,9.936528925619834
20-00,21.51,9.895785123966943
20-00,22.0,10.060606060606059
20-00,22.0,10.0
20-00,22.0,9.93939393939394
20-00,22.0,9.878787878787879
20-00,22.0,9.818181818181817
20-00,22.31,9.895068870523417
20-00,22.65,9.983471074380166
20-00,23.38,10.240826446280991
20-00,23.47,10.215592286501376
20-00,23.92,10.345564738292012
20-00,24.0,10.31404958677686
20-00,24.0,10.24793388429752
20-00,24.0,10.18181818181818
20-00,24.5,10.326446280991737
20-00,24.66,10.325950413223142
20-00,25.0,10.399449035812673
20-00,25.0,10.330578512396693
20-00,25.0,10.261707988980717
20-00,25.0,10.192837465564738
20-00,25.0,10.12396694214876
20-00,25.0,10.05509641873278
20-00,25.04,10.002203856749311
20-00,25.35,10.056198347107438
20-00,25.48,10.037575757575757
20-00,25.74,10.069090909090907
20-00,26.0,10.099173553719009
20-00,26.45,10.201101928374655
20-00,26.77,10.250771349862259
20-00,26.82,10.196033057851238
20-00,27.0,10.1900826446281
20-00,27.0,10.115702479338843
20-00,27.0,10.041322314049586
20-00,27.0,9.96694214876033
20-00,27.21,9.969504132231407
20-00,27.34,9.941818181818181
20-00,27.71,10.000027548209367
20-00,27.71,9.923691460055096
20-00,28.15,10.003719008264463
20-00,28.76,10.141267217630855
20-00,28.81,10.07953168044077
20-00,29.0,10.066115702479337
20-00,29.0,9.986225895316805
20-00,29.05,9.923415977961433
20-00,29.27,9.91793388429752
20-00,29.58,9.941487603305783
20-00,29.97,9.99
20-00,30.0,9.917355371900827
20-00,30.0,9.834710743801653
20-00,30.0,9.752066115702478
20-00,30.0,9.669421487603307
20-00,30.18,9.644297520661157
20-00,30.2,9.567493112947657
20-00,30.37,9.537685950413222
20-00,30.56,9.513168044077135
20-00,30.72,9.478347107438017
20-00,31.78,9.717851239669422
20-00,32.0,9.696969696969695
20-00,32.5,9.758953168044078
20-00,33.0,9.818181818181818
20-00,33.0,9.727272727272727
20-00,33.83,9.878732782369143
20-00,33.86,9.79421487603306
20-00,33.88,9.706666666666667
20-00,34.0,9.647382920110193
20-00,34.0,9.553719008264462
20-00,34.47,9.590826446280992
20-00,34.48,9.49862258953168
20-00,34.64,9.447272727272727
20-00,34.93,9.43013774104683
20-00,35.0,9.352617079889809
20-00,35.0,9.25619834710744
20-00,35.0,9.159779614325068
20-00,35.0,9.063360881542698
20-00,35.0,8.966942148760332
20-00,35.0,8.870523415977962
20-00,35.0,8.774104683195592
20-00,35.0,8.677685950413222
20-00,35.0,8.581267217630856
20-00,35.0,8.484848484848484
20-00,35.05,8.400413223140495
20-00,35.73,8.464958677685948
20-00,36.0,8.429752066115704
20-00,36.68,8.48793388429752
20-00,37.9,8.665840220385673
20-00,38.0,8.584022038567491
20-00,38.0,8.479338842975208
20-00,38.0,8.37465564738292
20-00,38.1,8.291735537190082
20-00,38.24,8.21685950413223
20-00,38.52,8.170909090909094
20-00,38.59,8.079449035812672
20-00,39.1,8.078512396694215
20-00,39.16,7.983030303030301
20-00,39.5,7.9435261707989
20-00,39.58,7.8505785123966945
20-00,39.77,7.778705234159779
20-00,39.96,7.70578512396694
20-00,39.97,7.597603305785125
20-00,40.0,7.493112947658402
20-00,40.0,7.382920110192837
20-00,40.0,7.272727272727271
20-00,40.0,7.162534435261709
20-00,40.92,7.214545454545455
20-00,41.61,7.221570247933883
20-00,41.72,7.125730027548207
20-00,42.0,7.057851239669423
20-00,42.0,6.9421487603305785
20-00,42.0,6.826446280991735
20-00,43.04,6.876914600550962
20-00,43.87,6.888677685950414
20-00,45.0,6.9421487603305785
20-00,45.0,6.8181818181818175
20-00,45.0,6.6942148760330555
20-00,46.09,6.729393939393941
20-00,48.0,6.87603305785124
20-00,48.0,6.743801652892561
20-00,48.97,6.745179063360879
20-00,49.0,6.614325068870525
20-00,49.0,6.479338842975206
20-00,50.0,6.473829201101927
20-00,50.0,6.336088154269969
20-00,50.0,6.198347107438018
20-00,50.0,6.0606060606060606
20-00,50.0,5.9228650137741035
20-00,51.66,5.977190082644625
20-00,55.56,6.275371900826448
20-00,58.31,6.42534435261708
20-00,58.85,6.322727272727271
20-00,59.0,6.1763085399449
20-00,59.5,6.064738292011021
20-00,61.34,6.083305785123968
20-00,63.27,6.100413223140494
20-00,63.74,5.970137741046829
20-00,65.0,5.909090909090911
20-00,66.63,5.873719008264462
20-00,66.67,5.693581267217629
20-00,66.67,5.509917355371898
20-00,67.77,5.4141322314049605
20-00,68.15,5.256749311294766
20-00,70.96,5.278016528925617
20-00,74.93,5.366887052341594
20-00,74.98,5.16391184573003
20-00,75.0,4.958677685950414
20-00,75.0,4.752066115702477
20-00,80.0,4.848484848484844
20-00,80.0,4.628099173553721
20-00,85.0,4.683195592286501
20-00,85.0,4.449035812672174
20-00,85.0,4.2148760330578465
20-00,88.89,4.162892561983473
20-00,89.22,3.9325619834710746
20-00,94.86,3.919834710743799
20-00,98.0,3.779614325068865
20-00,99.05,3.5472451790633635
20-00,100.0,3.3057851239669422
20-00,100.0,3.0303030303030276
20-00,106.22,2.926170798898066
20-00,120.0,2.9752066115702513
20-00,125.0,2.7548209366391188
20-00,130.0,2.506887052341594
20-00,130.0,2.1487603305785052
20-00,147.0,2.024793388429756
20-00,147.0,1.6198347107438016
20-00,147.0,1.2148760330578472
20-00,200.0,1.1019283746556363
20-00,388.89,1.0713223140495975
20-00,471.4,0.0
