block,bid_price_eur_mwh,P_accept
00-04,0.69,0.9972602739726028
00-04,0.78,0.9945205479452055
00-04,0.79,0.9917808219178083
00-04,0.8,0.989041095890411
00-04,1.0,0.9863013698630136
00-04,1.0,0.9835616438356164
00-04,1.01,0.9808219178082191
00-04,1.08,0.9780821917808219
00-04,1.09,0.9753424657534246
00-04,1.19,0.9726027397260274
00-04,1.4,0.9698630136986301
00-04,1.5,0.9671232876712329
00-04,1.5,0.9643835616438357
00-04,1.52,0.9616438356164384
00-04,1.53,0.9589041095890412
00-04,1.56,0.9561643835616438
00-04,1.58,0.9534246575342465
00-04,1.6,0.9506849315068493
00-04,1.7,0.947945205479452
00-04,1.74,0.9452054794520548
00-04,1.77,0.9424657534246575
00-04,1.78,0.9397260273972603
00-04,1.8,0.936986301369863
00-04,1.88,0.9342465753424658
00-04,1.9,0.9315068493150684
00-04,1.9,0.9287671232876712
00-04,1.9,0.9260273972602739
00-04,1.9,0.9232876712328767
00-04,1.9,0.9205479452054794
00-04,1.94,0.9178082191780822
00-04,1.95,0.915068493150685
00-04,1.95,0.9123287671232877
00-04,1.95,0.9095890410958904
00-04,1.96,0.9068493150684931
00-04,2.0,0.904109589041096
00-04,2.0,0.9013698630136986
00-04,2.02,0.8986301369863013
00-04,2.04,0.8958904109589041
00-04,2.05,0.8931506849315068
00-04,2.06,0.8904109589041096
00-04,2.11,0.8876712328767123
00-04,2.13,0.8849315068493151
00-04,2.14,0.8821917808219178
00-04,2.16,0.8794520547945206
00-04,2.19,0.8767123287671232
00-04,2.2,0.873972602739726
00-04,2.21,0.8712328767123287
00-04,2.27,0.8684931506849315
00-04,2.28,0.8657534246575342
00-04,2.3,0.863013698630137
00-04,2.37,0.8602739726027397
00-04,2.38,0.8575342465753425
00-04,2.39,0.8547945205479452
00-04,2.4,0.8520547945205479
00-04,2.4,0.8493150684931507
00-04,2.42,0.8465753424657534
00-04,2.44,0.8438356164383561
00-04,2.44,0.8410958904109589
00-04,2.46,0.8383561643835616
00-04,2.47,0.8356164383561644
00-04,2.48,0.8328767123287671
00-04,2.49,0.8301369863013699
00-04,2.5,0.8273972602739725
00-04,2.52,0.8246575342465754
00-04,2.53,0.821917808219178
00-04,2.54,0.8191780821917808
00-04,2.55,0.8164383561643835
00-04,2.59,0.8136986301369863
00-04,2.6,0.810958904109589
00-04,2.6,0.8082191780821918
00-04,2.6,0.8054794520547945
00-04,2.64,0.8027397260273973
00-04,2.65,0.8
00-04,2.67,0.7972602739726027
00-04,2.7,0.7945205479452055
00-04,2.72,0.7917808219178082
00-04,2.72,0.7890410958904109
00-04,2.76,0.7863013698630137
00-04,2.78,0.7835616438356164
00-04,2.78,0.7808219178082192
00-04,2.81,0.7780821917808219
00-04,2.82,0.7753424657534247
00-04,2.84,0.7726027397260273
00-04,2.88,0.7698630136986302
00-04,2.9,0.7671232876712328
00-04,2.9,0.7643835616438356
00-04,2.92,0.7616438356164383
00-04,2.93,0.7589041095890411
00-04,2.93,0.7561643835616438
00-04,2.97,0.7534246575342466
00-04,2.98,0.7506849315068493
00-04,3.0,0.747945205479452
00-04,3.0,0.7452054794520548
00-04,3.0,0.7424657534246575
00-04,3.0,0.7397260273972603
00-04,3.0,0.736986301369863
00-04,3.0,0.7342465753424657
00-04,3.0,0.7315068493150685
00-04,3.0,0.7287671232876712
00-04,3.02,0.726027397260274
00-04,3.02,0.7232876712328767
00-04,3.02,0.7205479452054795
00-04,3.07,0.7178082191780821
00-04,3.07,0.715068493150685
00-04,3.12,0.7123287671232876
00-04,3.15,0.7095890410958905
00-04,3.17,0.7068493150684931
00-04,3.19,0.7041095890410959
00-04,3.23,0.7013698630136986
00-04,3.24,0.6986301369863014
00-04,3.26,0.6958904109589041
00-04,3.3,0.6931506849315068
00-04,3.31,0.6904109589041096
00-04,3.33,0.6876712328767123
00-04,3.34,0.6849315068493151
00-04,3.34,0.6821917808219178
00-04,3.43,0.6794520547945205
00-04,3.44,0.6767123287671233
00-04,3.45,0.673972602739726
00-04,3.47,0.6712328767123288
00-04,3.47,0.6684931506849314
00-04,3.47,0.6657534246575343
00-04,3.48,0.6630136986301369
00-04,3.48,0.6602739726027398
00-04,3.5,0.6575342465753424
00-04,3.5,0.6547945205479452
00-04,3.51,0.6520547945205479
00-04,3.53,0.6493150684931507
00-04,3.55,0.6465753424657534
00-04,3.56,0.6438356164383562
00-04,3.57,0.6410958904109589
00-04,3.57,0.6383561643835616
00-04,3.6,0.6356164383561644
00-04,3.6,0.6328767123287671
00-04,3.68,0.6301369863013699
00-04,3.71,0.6273972602739726
00-04,3.77,0.6246575342465753
00-04,3.78,0.6219178082191781
00-04,3.78,0.6191780821917808
00-04,3.8,0.6164383561643836
00-04,3.8,0.6136986301369862
00-04,3.81,0.6109589041095891
00-04,3.81,0.6082191780821917
00-04,3.84,0.6054794520547946
00-04,3.85,0.6027397260273972
00-04,3.9,0.6
00-04,3.93,0.5972602739726027
00-04,4.0,0.5945205479452055
00-04,4.0,0.5917808219178082
00-04,4.0,0.589041095890411
00-04,4.0,0.5863013698630137
00-04,4.06,0.5835616438356164
00-04,4.09,0.5808219178082192
00-04,4.12,0.5780821917808219
00-04,4.19,0.5753424657534247
00-04,4.19,0.5726027397260274
00-04,4.23,0.5698630136986301
00-04,4.3,0.5671232876712329
00-04,4.36,0.5643835616438356
00-04,4.39,0.5616438356164384
00-04,4.4,0.558904109589041
00-04,4.41,0.5561643835616439
00-04,4.42,0.5534246575342465
00-04,4.42,0.5506849315068494
00-04,4.47,0.547945205479452
00-04,4.47,0.5452054794520548
00-04,4.5,0.5424657534246575
00-04,4.55,0.5397260273972603
00-04,4.6,0.536986301369863
00-04,4.65,0.5342465753424658
00-04,4.73,0.5315068493150685
00-04,4.78,0.5287671232876712
00-04,4.81,0.526027397260274
00-04,4.82,0.5232876712328767
00-04,4.88,0.5205479452054795
00-04,4.91,0.5178082191780822
00-04,5.0,0.5150684931506849
00-04,5.0,0.5123287671232877
00-04,5.0,0.5095890410958904
00-04,5.1,0.5068493150684932
00-04,5.15,0.5041095890410958
00-04,5.19,0.5013698630136987
00-04,5.28,0.4986301369863013
00-04,5.39,0.49589041095890407
00-04,5.46,0.4931506849315068
00-04,5.47,0.4904109589041096
00-04,5.48,0.4876712328767123
00-04,5.5,0.4849315068493151
00-04,5.59,0.4821917808219178
00-04,5.66,0.4794520547945206
00-04,5.7,0.47671232876712333
00-04,5.71,0.4739726027397261
00-04,5.78,0.4712328767123287
00-04,5.8,0.46849315068493147
00-04,5.82,0.4657534246575342
00-04,5.82,0.46301369863013697
00-04,5.9,0.4602739726027397
00-04,5.98,0.4575342465753425
00-04,6.0,0.4547945205479452
00-04,6.11,0.452054794520548
00-04,6.17,0.4493150684931507
00-04,6.19,0.4465753424657535
00-04,6.23,0.4438356164383561
00-04,6.25,0.44109589041095887
00-04,6.26,0.4383561643835616
00-04,6.29,0.43561643835616437
00-04,6.5,0.4328767123287671
00-04,6.53,0.4301369863013699
00-04,6.59,0.4273972602739726
00-04,6.66,0.4246575342465754
00-04,6.66,0.4219178082191781
00-04,6.83,0.4191780821917809
00-04,6.91,0.4164383561643835
00-04,7.0,0.41369863013698627
00-04,7.0,0.410958904109589
00-04,7.0,0.40821917808219177
00-04,7.0,0.4054794520547945
00-04,7.05,0.40273972602739727
00-04,7.07,0.4
00-04,7.19,0.3972602739726028
00-04,7.2,0.3945205479452055
00-04,7.29,0.39178082191780816
00-04,7.3,0.3890410958904109
00-04,7.37,0.38630136986301367
00-04,7.39,0.3835616438356164
00-04,7.68,0.38082191780821917
00-04,7.8,0.3780821917808219
00-04,7.84,0.37534246575342467
00-04,7.89,0.3726027397260274
00-04,7.94,0.36986301369863017
00-04,7.98,0.3671232876712329
00-04,8.0,0.36438356164383556
00-04,8.0,0.3616438356164383
00-04,8.06,0.35890410958904106
00-04,8.23,0.3561643835616438
00-04,8.25,0.35342465753424657
00-04,8.47,0.3506849315068493
00-04,8.86,0.34794520547945207
00-04,8.97,0.3452054794520548
00-04,9.0,0.34246575342465757
00-04,9.06,0.3397260273972603
00-04,9.09,0.33698630136986296
00-04,9.12,0.3342465753424657
00-04,9.27,0.33150684931506846
00-04,9.39,0.3287671232876712
00-04,9.57,0.32602739726027397
00-04,9.64,0.3232876712328767
00-04,10.0,0.32054794520547947
00-04,10.31,0.3178082191780822
00-04,10.81,0.31506849315068497
00-04,10.9,0.3123287671232877
00-04,10.92,0.30958904109589036
00-04,11.22,0.3068493150684931
00-04,11.47,0.30410958904109586
00-04,11.53,0.3013698630136986
00-04,11.76,0.29863013698630136
00-04,12.0,0.2958904109589041
00-04,12.0,0.29315068493150687
00-04,12.06,0.2904109589041096
00-04,12.13,0.28767123287671237
00-04,12.14,0.2849315068493151
00-04,12.17,0.28219178082191776
00-04,12.34,0.2794520547945205
00-04,12.47,0.27671232876712326
00-04,12.5,0.273972602739726
00-04,12.95,0.27123287671232876
00-04,13.02,0.2684931506849315
00-04,13.03,0.26575342465753427
00-04,13.04,0.263013698630137
00-04,13.07,0.26027397260273977
00-04,13.07,0.2575342465753425
00-04,13.13,0.25479452054794516
00-04,13.27,0.2520547945205479
00-04,13.57,0.24931506849315066
00-04,13.59,0.2465753424657534
00-04,13.69,0.24383561643835616
00-04,14.0,0.2410958904109589
00-04,14.04,0.23835616438356166
00-04,14.68,0.23561643835616441
00-04,15.0,0.23287671232876717
00-04,15.0,0.23013698630136992
00-04,15.0,0.22739726027397256
00-04,15.0,0.2246575342465753
00-04,15.45,0.22191780821917806
00-04,15.46,0.2191780821917808
00-04,16.12,0.21643835616438356
00-04,16.43,0.2136986301369863
00-04,19.69,0.21095890410958906
00-04,19.8,0.2082191780821918
00-04,19.93,0.20547945205479456
00-04,19.93,0.20273972602739732
00-04,20.0,0.19999999999999996
00-04,20.15,0.1972602739726027
00-04,20.84,0.19452054794520546
00-04,20.87,0.1917808219178082
00-04,22.0,0.18904109589041096
00-04,22.1,0.1863013698630137
00-04,23.49,0.18356164383561646
00-04,23.85,0.1808219178082192
00-04,24.61,0.17808219178082196
00-04,25.0,0.1753424657534246
00-04,25.3,0.17260273972602735
00-04,26.05,0.1698630136986301
00-04,26.93,0.16712328767123286
00-04,27.67,0.1643835616438356
00-04,28.65,0.16164383561643836
00-04,28.75,0.1589041095890411
00-04,28.76,0.15616438356164386
00-04,28.85,0.1534246575342466
00-04,30.7,0.15068493150684936
00-04,31.25,0.147945205479452
00-04,31.49,0.14520547945205475
00-04,31.58,0.1424657534246575
00-04,32.96,0.13972602739726026
00-04,33.15,0.136986301369863
00-04,33.34,0.13424657534246576
00-04,33.88,0.1315068493150685
00-04,34.1,0.12876712328767126
00-04,35.05,0.126027397260274
00-04,35.84,0.12328767123287676
00-04,37.26,0.1205479452054794
00-04,38.99,0.11780821917808215
00-04,39.12,0.1150684931506849
00-04,39.85,0.11232876712328765
00-04,39.87,0.1095890410958904
00-04,40.0,0.10684931506849316
00-04,40.0,0.1041095890410959
00-04,40.93,0.10136986301369866
00-04,42.69,0.09863013698630141
00-04,43.01,0.09589041095890416
00-04,44.0,0.0931506849315068
00-04,45.0,0.09041095890410955
00-04,45.35,0.0876712328767123
00-04,46.54,0.08493150684931505
00-04,46.74,0.0821917808219178
00-04,46.84,0.07945205479452055
00-04,48.15,0.0767123287671233
00-04,48.75,0.07397260273972606
00-04,49.87,0.07123287671232881
00-04,50.0,0.06849315068493156
00-04,50.31,0.0657534246575342
00-04,50.65,0.06301369863013695
00-04,51.0,0.0602739726027397
00-04,51.49,0.05753424657534245
00-04,53.0,0.0547945205479452
00-04,53.88,0.05205479452054795
00-04,58.19,0.049315068493150704
00-04,61.22,0.046575342465753455
00-04,70.45,0.043835616438356206
00-04,71.37,0.04109589041095896
00-04,100.0,0.0383561643835616
00-04,101.84,0.03561643835616435
00-04,102.8,0.0328767123287671
00-04,140.09,0.03013698630136985
00-04,147.24,0.0273972602739726
00-04,150.0,0.024657534246575352
00-04,165.17,0.021917808219178103
00-04,195.76,0.019178082191780854
00-04,200.0,0.016438356164383605
00-04,200.0,0.013698630136986356
00-04,202.78,0.010958904109588996
00-04,400.0,0.008219178082191747
00-04,420.0,0.005479452054794498
00-04,500.0,0.002739726027397249
00-04,500.0,0.0
04-08,0.71,0.9972451790633609
04-08,0.73,0.9944903581267217
04-08,0.79,0.9917355371900827
04-08,0.83,0.9889807162534435
04-08,0.86,0.9862258953168044
04-08,0.97,0.9834710743801653
04-08,1.0,0.9807162534435262
04-08,1.07,0.977961432506887
04-08,1.07,0.9752066115702479
04-08,1.2,0.9724517906336088
04-08,1.28,0.9696969696969697
04-08,1.43,0.9669421487603306
04-08,1.5,0.9641873278236914
04-08,1.5,0.9614325068870524
04-08,1.58,0.9586776859504132
04-08,1.67,0.9559228650137741
04-08,1.7,0.953168044077135
04-08,1.71,0.9504132231404958
04-08,1.71,0.9476584022038568
04-08,1.73,0.9449035812672176
04-08,1.77,0.9421487603305785
04-08,1.78,0.9393939393939394
04-08,1.79,0.9366391184573003
04-08,1.8,0.9338842975206612
04-08,1.81,0.931129476584022
04-08,1.83,0.9283746556473829
04-08,1.85,0.9256198347107438
04-08,1.86,0.9228650137741047
04-08,1.87,0.9201101928374655
04-08,1.9,0.9173553719008265
04-08,1.9,0.9146005509641874
04-08,1.9,0.9118457300275482
04-08,1.9,0.9090909090909091
04-08,1.91,0.9063360881542699
04-08,1.91,0.9035812672176309
04-08,1.93,0.9008264462809917
04-08,1.95,0.8980716253443526
04-08,1.96,0.8953168044077136
04-08,1.99,0.8925619834710744
04-08,2.0,0.8898071625344353
04-08,2.0,0.8870523415977961
04-08,2.0,0.884297520661157
04-08,2.0,0.8815426997245179
04-08,2.0,0.8787878787878788
04-08,2.05,0.8760330578512396
04-08,2.06,0.8732782369146006
04-08,2.06,0.8705234159779615
04-08,2.07,0.8677685950413223
04-08,2.08,0.8650137741046832
04-08,2.09,0.862258953168044
04-08,2.14,0.859504132231405
04-08,2.17,0.8567493112947658
04-08,2.18,0.8539944903581267
04-08,2.18,0.8512396694214877
04-08,2.2,0.8484848484848485
04-08,2.2,0.8457300275482094
04-08,2.2,0.8429752066115702
04-08,2.23,0.8402203856749311
04-08,2.24,0.837465564738292
04-08,2.27,0.8347107438016529
04-08,2.33,0.8319559228650137
04-08,2.36,0.8292011019283747
04-08,2.4,0.8264462809917356
04-08,2.44,0.8236914600550964
04-08,2.45,0.8209366391184573
04-08,2.47,0.8181818181818181
04-08,2.47,0.8154269972451791
04-08,2.49,0.8126721763085399
04-08,2.5,0.8099173553719008
04-08,2.5,0.8071625344352618
04-08,2.57,0.8044077134986226
04-08,2.57,0.8016528925619835
04-08,2.59,0.7988980716253443
04-08,2.59,0.7961432506887052
04-08,2.59,0.7933884297520661
04-08,2.6,0.790633608815427
04-08,2.62,0.7878787878787878
04-08,2.62,0.7851239669421488
04-08,2.69,0.7823691460055097
04-08,2.71,0.7796143250688705
04-08,2.72,0.7768595041322314
04-08,2.72,0.7741046831955922
04-08,2.75,0.7713498622589532
04-08,2.79,0.768595041322314
04-08,2.8,0.7658402203856749
04-08,2.81,0.7630853994490359
04-08,2.86,0.7603305785123967
04-08,2.87,0.7575757575757576
04-08,2.88,0.7548209366391184
04-08,2.89,0.7520661157024793
04-08,2.9,0.7493112947658402
04-08,2.9,0.7465564738292011
04-08,2.9,0.743801652892562
04-08,3.0,0.7410468319559229
04-08,3.0,0.7382920110192838
04-08,3.0,0.7355371900826446
04-08,3.0,0.7327823691460056
04-08,3.0,0.7300275482093663
04-08,3.0,0.7272727272727273
04-08,3.0,0.7245179063360881
04-08,3.0,0.721763085399449
04-08,3.0,0.71900826446281
04-08,3.02,0.7162534435261708
04-08,3.02,0.7134986225895317
04-08,3.05,0.7107438016528926
04-08,3.05,0.7079889807162534
04-08,3.06,0.7052341597796143
04-08,3.06,0.7024793388429752
04-08,3.08,0.699724517906336
04-08,3.13,0.696969696969697
04-08,3.17,0.6942148760330579
04-08,3.21,0.6914600550964187
04-08,3.22,0.6887052341597797
04-08,3.28,0.6859504132231404
04-08,3.31,0.6831955922865014
04-08,3.31,0.6804407713498623
04-08,3.35,0.6776859504132231
04-08,3.36,0.6749311294765841
04-08,3.39,0.6721763085399449
04-08,3.44,0.6694214876033058
04-08,3.44,0.6666666666666667
04-08,3.45,0.6639118457300275
04-08,3.47,0.6611570247933884
04-08,3.47,0.6584022038567493
04-08,3.47,0.6556473829201102
04-08,3.5,0.6528925619834711
04-08,3.5,0.650137741046832
04-08,3.5,0.6473829201101928
04-08,3.51,0.6446280991735538
04-08,3.52,0.6418732782369145
04-08,3.52,0.6391184573002755
04-08,3.53,0.6363636363636364
04-08,3.54,0.6336088154269972
04-08,3.55,0.6308539944903582
04-08,3.55,0.628099173553719
04-08,3.56,0.6253443526170799
04-08,3.57,0.6225895316804408
04-08,3.57,0.6198347107438016
04-08,3.58,0.6170798898071626
04-08,3.59,0.6143250688705234
04-08,3.6,0.6115702479338843
04-08,3.61,0.6088154269972452
04-08,3.66,0.6060606060606061
04-08,3.68,0.6033057851239669
04-08,3.68,0.6005509641873279
04-08,3.7,0.5977961432506886
04-08,3.72,0.5950413223140496
04-08,3.77,0.5922865013774105
04-08,3.81,0.5895316804407713
04-08,3.82,0.5867768595041323
04-08,3.84,0.5840220385674931
04-08,3.84,0.581267217630854
04-08,3.85,0.578512396694215
04-08,3.86,0.5757575757575757
04-08,3.87,0.5730027548209367
04-08,3.9,0.5702479338842975
04-08,3.92,0.5674931129476584
04-08,3.93,0.5647382920110193
04-08,4.0,0.5619834710743802
04-08,4.0,0.559228650137741
04-08,4.01,0.556473829201102
04-08,4.12,0.5537190082644627
04-08,4.12,0.5509641873278237
04-08,4.17,0.5482093663911846
04-08,4.19,0.5454545454545454
04-08,4.2,0.5426997245179064
04-08,4.22,0.5399449035812672
04-08,4.28,0.5371900826446281
04-08,4.3,0.534435261707989
04-08,4.3,0.5316804407713498
04-08,4.38,0.5289256198347108
04-08,4.4,0.5261707988980716
04-08,4.41,0.5234159779614325
04-08,4.44,0.5206611570247934
04-08,4.45,0.5179063360881543
04-08,4.46,0.5151515151515151
04-08,4.5,0.5123966942148761
04-08,4.51,0.5096418732782368
04-08,4.59,0.5068870523415978
04-08,4.6,0.5041322314049587
04-08,4.61,0.5013774104683195
04-08,4.65,0.4986225895316805
04-08,4.68,0.49586776859504134
04-08,4.69,0.4931129476584022
04-08,4.7,0.49035812672176304
04-08,4.8,0.487603305785124
04-08,4.85,0.48484848484848486
04-08,4.87,0.4820936639118457
04-08,4.91,0.47933884297520657
04-08,4.98,0.47658402203856753
04-08,5.0,0.4738292011019284
04-08,5.0,0.47107438016528924
04-08,5.0,0.4683195592286501
04-08,5.0,0.46556473829201106
04-08,5.0,0.4628099173553719
04-08,5.03,0.46005509641873277
04-08,5.19,0.4573002754820936
04-08,5.28,0.4545454545454546
04-08,5.33,0.45179063360881544
04-08,5.37,0.4490358126721763
04-08,5.38,0.44628099173553715
04-08,5.5,0.4435261707988981
04-08,5.5,0.44077134986225897
04-08,5.5,0.4380165289256198
04-08,5.5,0.4352617079889807
04-08,5.51,0.43250688705234164
04-08,5.59,0.4297520661157025
04-08,5.62,0.42699724517906334
04-08,5.62,0.4242424242424242
04-08,5.73,0.42148760330578516
04-08,5.79,0.418732782369146
04-08,5.9,0.41597796143250687
04-08,5.93,0.4132231404958677
04-08,6.0,0.4104683195592287
04-08,6.0,0.40771349862258954
04-08,6.0,0.4049586776859504
04-08,6.01,0.40220385674931125
04-08,6.02,0.3994490358126722
04-08,6.16,0.39669421487603307
04-08,6.2,0.3939393939393939
04-08,6.31,0.3911845730027548
04-08,6.33,0.38842975206611574
04-08,6.38,0.3856749311294766
04-08,6.42,0.38292011019283745
04-08,6.44,0.3801652892561983
04-08,6.47,0.37741046831955927
04-08,6.54,0.3746556473829201
04-08,6.71,0.371900826446281
04-08,6.73,0.36914600550964183
04-08,6.73,0.3663911845730028
04-08,6.74,0.36363636363636365
04-08,7.0,0.3608815426997245
04-08,7.0,0.35812672176308535
04-08,7.0,0.3553719008264463
04-08,7.15,0.3526170798898072
04-08,7.21,0.349862258953168
04-08,7.26,0.3471074380165289
04-08,7.28,0.34435261707988984
04-08,7.35,0.3415977961432507
04-08,7.56,0.33884297520661155
04-08,7.63,0.3360881542699724
04-08,7.86,0.33333333333333337
04-08,8.0,0.3305785123966942
04-08,8.0,0.3278236914600551
04-08,8.03,0.32506887052341593
04-08,8.07,0.3223140495867769
04-08,8.1,0.31955922865013775
04-08,8.16,0.3168044077134986
04-08,8.28,0.31404958677685946
04-08,8.43,0.3112947658402204
04-08,8.5,0.3085399449035813
04-08,8.5,0.30578512396694213
04-08,8.5,0.303030303030303
04-08,8.55,0.30027548209366395
04-08,8.56,0.2975206611570248
04-08,8.58,0.29476584022038566
04-08,8.73,0.2920110192837465
04-08,8.75,0.2892561983471075
04-08,8.89,0.2865013774104683
04-08,8.9,0.2837465564738292
04-08,8.93,0.28099173553719003
04-08,8.95,0.278236914600551
04-08,9.05,0.27548209366391185
04-08,9.07,0.2727272727272727
04-08,9.15,0.26997245179063356
04-08,9.19,0.2672176308539945
04-08,9.2,0.2644628099173554
04-08,9.45,0.26170798898071623
04-08,9.46,0.2589531680440771
04-08,9.54,0.25619834710743805
04-08,9.95,0.2534435261707989
04-08,9.95,0.25068870523415976
04-08,10.0,0.2479338842975206
04-08,10.0,0.24517906336088158
04-08,10.0,0.24242424242424243
04-08,10.18,0.23966942148760328
04-08,10.48,0.23691460055096414
04-08,10.49,0.2341597796143251
04-08,10.49,0.23140495867768596
04-08,10.59,0.2286501377410468
04-08,10.62,0.22589531680440766
04-08,10.93,0.22314049586776863
04-08,11.33,0.22038567493112948
04-08,11.43,0.21763085399449034
04-08,11.58,0.2148760330578512
04-08,12.0,0.21212121212121215
04-08,12.13,0.209366391184573
04-08,12.2,0.20661157024793386
04-08,12.22,0.20385674931129472
04-08,12.33,0.20110192837465568
04-08,12.37,0.19834710743801653
04-08,12.92,0.1955922865013774
04-08,13.02,0.19283746556473824
04-08,13.49,0.1900826446280992
04-08,13.57,0.18732782369146006
04-08,13.67,0.18457300275482091
04-08,14.0,0.18181818181818177
04-08,14.0,0.17906336088154273
04-08,14.0,0.1763085399449036
04-08,14.1,0.17355371900826444
04-08,14.28,0.1707988980716253
04-08,14.56,0.16804407713498626
04-08,14.57,0.1652892561983471
04-08,15.0,0.16253443526170797
04-08,15.0,0.15977961432506882
04-08,15.21,0.15702479338842978
04-08,15.23,0.15426997245179064
04-08,15.37,0.1515151515151515
04-08,16.29,0.14876033057851235
04-08,17.0,0.1460055096418733
04-08,17.3,0.14325068870523416
04-08,18.21,0.14049586776859502
04-08,18.95,0.13774104683195587
04-08,18.97,0.13498622589531684
04-08,19.61,0.1322314049586777
04-08,20.0,0.12947658402203854
04-08,20.0,0.1267217630853994
04-08,20.24,0.12396694214876036
04-08,20.49,0.12121212121212122
04-08,20.59,0.11845730027548207
04-08,21.0,0.11570247933884292
04-08,22.51,0.11294765840220389
04-08,24.21,0.11019283746556474
04-08,24.39,0.1074380165289256
04-08,25.0,0.10468319559228645
04-08,25.0,0.10192837465564741
04-08,26.5,0.09917355371900827
04-08,28.58,0.09641873278236912
04-08,30.0,0.09366391184572997
04-08,30.0,0.09090909090909094
04-08,30.96,0.0881542699724518
04-08,31.56,0.08539944903581265
04-08,32.2,0.0826446280991735
04-08,32.97,0.07988980716253447
04-08,33.58,0.07713498622589532
04-08,36.77,0.07438016528925617
04-08,38.66,0.07162534435261703
04-08,46.4,0.06887052341597799
04-08,48.84,0.06611570247933884
04-08,50.0,0.0633608815426997
04-08,50.0,0.06060606060606055
04-08,50.0,0.05785123966942152
04-08,51.0,0.05509641873278237
04-08,52.2,0.052341597796143224
04-08,55.0,0.04958677685950408
04-08,55.6,0.04683195592286504
04-08,61.03,0.0440771349862259
04-08,65.0,0.04132231404958675
04-08,65.01,0.038567493112947604
04-08,78.8,0.03581267217630857
04-08,80.0,0.03305785123966942
04-08,110.0,0.030303030303030276
04-08,115.21,0.02754820936639113
04-08,130.04,0.024793388429752095
04-08,143.9,0.02203856749311295
04-08,150.0,0.019283746556473802
04-08,174.93,0.016528925619834656
04-08,175.0,0.01377410468319562
04-08,200.0,0.011019283746556474
04-08,300.0,0.008264462809917328
04-08,325.0,0.0055096418732781816
04-08,450.0,0.0027548209366391463
04-08,500.0,0.0
08-12,0.55,0.9972451790633609
08-12,0.63,0.9944903581267217
08-12,0.64,0.9917355371900827
08-12,0.7,0.9889807162534435
08-12,0.73,0.9862258953168044
08-12,0.79,0.9834710743801653
08-12,0.85,0.9807162534435262
08-12,1.0,0.977961432506887
08-12,1.04,0.9752066115702479
08-12,1.05,0.9724517906336088
08-12,1.08,0.9696969696969697
08-12,1.28,0.9669421487603306
08-12,1.37,0.9641873278236914
08-12,1.4,0.9614325068870524
08-12,1.43,0.9586776859504132
08-12,1.46,0.9559228650137741
08-12,1.54,0.953168044077135
08-12,1.58,0.9504132231404958
08-12,1.6,0.9476584022038568
08-12,1.7,0.9449035812672176
08-12,1.73,0.9421487603305785
08-12,1.77,0.9393939393939394
08-12,1.78,0.9366391184573003
08-12,1.79,0.9338842975206612
08-12,1.86,0.931129476584022
08-12,1.9,0.9283746556473829
08-12,1.9,0.9256198347107438
08-12,1.9,0.9228650137741047
08-12,1.92,0.9201101928374655
08-12,1.92,0.9173553719008265
08-12,1.92,0.9146005509641874
08-12,1.95,0.9118457300275482
08-12,2.0,0.9090909090909091
08-12,2.0,0.9063360881542699
08-12,2.0,0.9035812672176309
08-12,2.0,0.9008264462809917
08-12,2.0,0.8980716253443526
08-12,2.0,0.8953168044077136
08-12,2.04,0.8925619834710744
08-12,2.05,0.8898071625344353
08-12,2.07,0.8870523415977961
08-12,2.08,0.884297520661157
08-12,2.08,0.8815426997245179
08-12,2.1,0.8787878787878788
08-12,2.12,0.8760330578512396
08-12,2.12,0.8732782369146006
08-12,2.13,0.8705234159779615
08-12,2.14,0.8677685950413223
08-12,2.22,0.8650137741046832
08-12,2.22,0.862258953168044
08-12,2.26,0.859504132231405
08-12,2.27,0.8567493112947658
08-12,2.3,0.8539944903581267
08-12,2.3,0.8512396694214877
08-12,2.3,0.8484848484848485
08-12,2.31,0.8457300275482094
08-12,2.31,0.8429752066115702
08-12,2.34,0.8402203856749311
08-12,2.34,0.837465564738292
08-12,2.35,0.8347107438016529
08-12,2.37,0.8319559228650137
08-12,2.37,0.8292011019283747
08-12,2.38,0.8264462809917356
08-12,2.41,0.8236914600550964
08-12,2.45,0.8209366391184573
08-12,2.46,0.8181818181818181
08-12,2.48,0.8154269972451791
08-12,2.5,0.8126721763085399
08-12,2.5,0.8099173553719008
08-12,2.53,0.8071625344352618
08-12,2.53,0.8044077134986226
08-12,2.57,0.8016528925619835
08-12,2.59,0.7988980716253443
08-12,2.64,0.7961432506887052
08-12,2.64,0.7933884297520661
08-12,2.65,0.790633608815427
08-12,2.67,0.7878787878787878
08-12,2.68,0.7851239669421488
08-12,2.69,0.7823691460055097
08-12,2.7,0.7796143250688705
08-12,2.71,0.7768595041322314
08-12,2.77,0.7741046831955922
08-12,2.81,0.7713498622589532
08-12,2.81,0.768595041322314
08-12,2.81,0.7658402203856749
08-12,2.84,0.7630853994490359
08-12,2.88,0.7603305785123967
08-12,2.89,0.7575757575757576
08-12,2.92,0.7548209366391184
08-12,2.92,0.7520661157024793
08-12,2.98,0.7493112947658402
08-12,3.0,0.7465564738292011
08-12,3.0,0.743801652892562
08-12,3.0,0.7410468319559229
08-12,3.0,0.7382920110192838
08-12,3.0,0.7355371900826446
08-12,3.0,0.7327823691460056
08-12,3.0,0.7300275482093663
08-12,3.02,0.7272727272727273
08-12,3.02,0.7245179063360881
08-12,3.06,0.721763085399449
08-12,3.09,0.71900826446281
08-12,3.1,0.7162534435261708
08-12,3.1,0.7134986225895317
08-12,3.1,0.7107438016528926
08-12,3.19,0.7079889807162534
08-12,3.21,0.7052341597796143
08-12,3.29,0.7024793388429752
08-12,3.31,0.699724517906336
08-12,3.31,0.696969696969697
08-12,3.33,0.6942148760330579
08-12,3.33,0.6914600550964187
08-12,3.34,0.6887052341597797
08-12,3.36,0.6859504132231404
08-12,3.38,0.6831955922865014
08-12,3.41,0.6804407713498623
08-12,3.45,0.6776859504132231
08-12,3.46,0.6749311294765841
08-12,3.5,0.6721763085399449
08-12,3.5,0.6694214876033058
08-12,3.5,0.6666666666666667
08-12,3.53,0.6639118457300275
08-12,3.54,0.6611570247933884
08-12,3.54,0.6584022038567493
08-12,3.54,0.6556473829201102
08-12,3.61,0.6528925619834711
08-12,3.62,0.650137741046832
08-12,3.64,0.6473829201101928
08-12,3.68,0.6446280991735538
08-12,3.69,0.6418732782369145
08-12,3.7,0.6391184573002755
08-12,3.73,0.6363636363636364
08-12,3.73,0.6336088154269972
08-12,3.77,0.6308539944903582
08-12,3.77,0.628099173553719
08-12,3.79,0.6253443526170799
08-12,3.8,0.6225895316804408
08-12,3.89,0.6198347107438016
08-12,3.91,0.6170798898071626
08-12,3.96,0.6143250688705234
08-12,3.97,0.6115702479338843
08-12,4.0,0.6088154269972452
08-12,4.04,0.6060606060606061
08-12,4.04,0.6033057851239669
08-12,4.08,0.6005509641873279
08-12,4.14,0.5977961432506886
08-12,4.23,0.5950413223140496
08-12,4.26,0.5922865013774105
08-12,4.28,0.5895316804407713
08-12,4.48,0.5867768595041323
08-12,4.49,0.5840220385674931
08-12,4.5,0.581267217630854
08-12,4.5,0.578512396694215
08-12,4.58,0.5757575757575757
08-12,4.61,0.5730027548209367
08-12,4.63,0.5702479338842975
08-12,4.65,0.5674931129476584
08-12,4.67,0.5647382920110193
08-12,4.73,0.5619834710743802
08-12,4.77,0.559228650137741
08-12,4.86,0.556473829201102
08-12,4.9,0.5537190082644627
08-12,4.91,0.5509641873278237
08-12,4.94,0.5482093663911846
08-12,4.97,0.5454545454545454
08-12,5.05,0.5426997245179064
08-12,5.17,0.5399449035812672
08-12,5.28,0.5371900826446281
08-12,5.35,0.534435261707989
08-12,5.39,0.5316804407713498
08-12,5.41,0.5289256198347108
08-12,5.5,0.5261707988980716
08-12,5.5,0.5234159779614325
08-12,5.52,0.5206611570247934
08-12,5.64,0.5179063360881543
08-12,5.65,0.5151515151515151
08-12,5.68,0.5123966942148761
08-12,5.7,0.5096418732782368
08-12,5.71,0.5068870523415978
08-12,5.84,0.5041322314049587
08-12,5.95,0.5013774104683195
08-12,5.95,0.4986225895316805
08-12,5.96,0.49586776859504134
08-12,6.0,0.4931129476584022
08-12,6.0,0.49035812672176304
08-12,6.0,0.487603305785124
08-12,6.0,0.48484848484848486
08-12,6.02,0.4820936639118457
08-12,6.24,0.47933884297520657
08-12,6.43,0.47658402203856753
08-12,6.45,0.4738292011019284
08-12,6.48,0.47107438016528924
08-12,6.53,0.4683195592286501
08-12,6.64,0.46556473829201106
08-12,6.66,0.4628099173553719
08-12,6.74,0.46005509641873277
08-12,6.88,0.4573002754820936
08-12,6.9,0.4545454545454546
08-12,6.9,0.45179063360881544
08-12,6.91,0.4490358126721763
08-12,6.93,0.44628099173553715
08-12,7.1,0.4435261707988981
08-12,7.13,0.44077134986225897
08-12,7.38,0.4380165289256198
08-12,7.47,0.4352617079889807
08-12,7.51,0.43250688705234164
08-12,7.55,0.4297520661157025
08-12,7.59,0.42699724517906334
08-12,7.7,0.4242424242424242
08-12,7.83,0.42148760330578516
08-12,7.85,0.418732782369146
08-12,7.9,0.41597796143250687
08-12,8.0,0.4132231404958677
08-12,8.03,0.4104683195592287
08-12,8.03,0.40771349862258954
08-12,8.12,0.4049586776859504
08-12,8.13,0.40220385674931125
08-12,8.2,0.3994490358126722
08-12,8.4,0.39669421487603307
08-12,8.52,0.3939393939393939
08-12,8.53,0.3911845730027548
08-12,8.59,0.38842975206611574
08-12,8.63,0.3856749311294766
08-12,8.91,0.38292011019283745
08-12,8.94,0.3801652892561983
08-12,9.01,0.37741046831955927
08-12,9.36,0.3746556473829201
08-12,9.38,0.371900826446281
08-12,9.46,0.36914600550964183
08-12,9.56,0.3663911845730028
08-12,9.64,0.36363636363636365
08-12,9.73,0.3608815426997245
08-12,9.74,0.35812672176308535
08-12,9.77,0.3553719008264463
08-12,9.97,0.3526170798898072
08-12,10.0,0.349862258953168
08-12,10.0,0.3471074380165289
08-12,10.0,0.34435261707988984
08-12,10.45,0.3415977961432507
08-12,10.48,0.33884297520661155
08-12,10.69,0.3360881542699724
08-12,10.85,0.33333333333333337
08-12,10.97,0.3305785123966942
08-12,11.05,0.3278236914600551
08-12,11.05,0.32506887052341593
08-12,11.14,0.3223140495867769
08-12,11.16,0.31955922865013775
08-12,11.52,0.3168044077134986
08-12,11.75,0.31404958677685946
08-12,11.86,0.3112947658402204
08-12,11.92,0.3085399449035813
08-12,12.0,0.30578512396694213
08-12,12.0,0.303030303030303
08-12,12.0,0.30027548209366395
08-12,12.0,0.2975206611570248
08-12,12.11,0.29476584022038566
08-12,12.24,0.2920110192837465
08-12,12.43,0.2892561983471075
08-12,12.47,0.2865013774104683
08-12,12.5,0.2837465564738292
08-12,12.88,0.28099173553719003
08-12,12.96,0.278236914600551
08-12,13.99,0.27548209366391185
08-12,14.0,0.2727272727272727
08-12,14.0,0.26997245179063356
08-12,14.04,0.2672176308539945
08-12,15.0,0.2644628099173554
08-12,15.0,0.26170798898071623
08-12,15.0,0.2589531680440771
08-12,15.0,0.25619834710743805
08-12,15.0,0.2534435261707989
08-12,15.0,0.25068870523415976
08-12,15.0,0.2479338842975206
08-12,15.06,0.24517906336088158
08-12,15.24,0.24242424242424243
08-12,15.42,0.23966942148760328
08-12,15.57,0.23691460055096414
08-12,15.74,0.2341597796143251
08-12,15.97,0.23140495867768596
08-12,16.34,0.2286501377410468
08-12,16.36,0.22589531680440766
08-12,16.5,0.22314049586776863
08-12,17.0,0.22038567493112948
08-12,17.0,0.21763085399449034
08-12,17.27,0.2148760330578512
08-12,17.32,0.21212121212121215
08-12,17.85,0.209366391184573
08-12,17.85,0.20661157024793386
08-12,18.0,0.20385674931129472
08-12,18.0,0.20110192837465568
08-12,18.33,0.19834710743801653
08-12,18.83,0.1955922865013774
08-12,18.87,0.19283746556473824
08-12,18.9,0.1900826446280992
08-12,19.0,0.18732782369146006
08-12,19.0,0.18457300275482091
08-12,19.0,0.18181818181818177
08-12,19.24,0.17906336088154273
08-12,20.0,0.1763085399449036
08-12,20.0,0.17355371900826444
08-12,20.0,0.1707988980716253
08-12,20.0,0.16804407713498626
08-12,21.0,0.1652892561983471
08-12,21.32,0.16253443526170797
08-12,21.47,0.15977961432506882
08-12,21.95,0.15702479338842978
08-12,23.76,0.15426997245179064
08-12,23.97,0.1515151515151515
08-12,24.84,0.14876033057851235
08-12,25.0,0.1460055096418733
08-12,25.0,0.14325068870523416
08-12,25.3,0.14049586776859502
08-12,26.62,0.13774104683195587
08-12,26.69,0.13498622589531684
08-12,26.85,0.1322314049586777
08-12,27.11,0.12947658402203854
08-12,28.13,0.1267217630853994
08-12,28.13,0.12396694214876036
08-12,30.0,0.12121212121212122
08-12,30.0,0.11845730027548207
08-12,30.0,0.11570247933884292
08-12,30.0,0.11294765840220389
08-12,30.15,0.11019283746556474
08-12,31.88,0.1074380165289256
08-12,33.76,0.10468319559228645
08-12,35.0,0.10192837465564741
08-12,36.07,0.09917355371900827
08-12,37.04,0.09641873278236912
08-12,38.0,0.09366391184572997
08-12,39.0,0.09090909090909094
08-12,40.0,0.0881542699724518
08-12,40.08,0.08539944903581265
08-12,44.0,0.0826446280991735
08-12,44.45,0.07988980716253447
08-12,45.1,0.07713498622589532
08-12,48.11,0.07438016528925617
08-12,48.69,0.07162534435261703
08-12,50.0,0.06887052341597799
08-12,50.0,0.06611570247933884
08-12,54.8,0.0633608815426997
08-12,63.11,0.06060606060606055
08-12,63.41,0.05785123966942152
08-12,70.0,0.05509641873278237
08-12,75.0,0.052341597796143224
08-12,75.05,0.04958677685950408
08-12,79.1,0.04683195592286504
08-12,88.8,0.0440771349862259
08-12,90.0,0.04132231404958675
08-12,96.11,0.038567493112947604
08-12,100.0,0.03581267217630857
08-12,123.48,0.03305785123966942
08-12,136.99,0.030303030303030276
08-12,150.0,0.02754820936639113
08-12,150.0,0.024793388429752095
08-12,150.0,0.02203856749311295
08-12,160.0,0.019283746556473802
08-12,166.5,0.016528925619834656
08-12,200.0,0.01377410468319562
08-12,300.0,0.011019283746556474
08-12,300.0,0.008264462809917328
08-12,300.0,0.0055096418732781816
08-12,500.0,0.0027548209366391463
08-12,500.0,0.0
12-16,0.55,0.9972451790633609
12-16,0.6,0.9944903581267217
12-16,0.67,0.9917355371900827
12-16,0.7,0.9889807162534435
12-16,0.81,0.9862258953168044
12-16,0.83,0.9834710743801653
12-16,0.85,0.9807162534435262
12-16,0.86,0.977961432506887
12-16,0.9,0.9752066115702479
12-16,1.0,0.9724517906336088
12-16,1.05,0.9696969696969697
12-16,1.09,0.9669421487603306
12-16,1.25,0.9641873278236914
12-16,1.4,0.9614325068870524
12-16,1.44,0.9586776859504132
12-16,1.45,0.9559228650137741
12-16,1.55,0.953168044077135
12-16,1.68,0.9504132231404958
12-16,1.7,0.9476584022038568
12-16,1.73,0.9449035812672176
12-16,1.75,0.9421487603305785
12-16,1.77,0.9393939393939394
12-16,1.81,0.9366391184573003
12-16,1.84,0.9338842975206612
12-16,1.85,0.931129476584022
12-16,1.85,0.9283746556473829
12-16,1.9,0.9256198347107438
12-16,1.9,0.9228650137741047
12-16,1.96,0.9201101928374655
12-16,2.0,0.9173553719008265
12-16,2.0,0.9146005509641874
12-16,2.0,0.9118457300275482
12-16,2.0,0.9090909090909091
12-16,2.0,0.9063360881542699
12-16,2.0,0.9035812672176309
12-16,2.05,0.9008264462809917
12-16,2.05,0.8980716253443526
12-16,2.05,0.8953168044077136
12-16,2.07,0.8925619834710744
12-16,2.08,0.8898071625344353
12-16,2.08,0.8870523415977961
12-16,2.1,0.884297520661157
12-16,2.13,0.8815426997245179
12-16,2.15,0.8787878787878788
12-16,2.2,0.8760330578512396
12-16,2.22,0.8732782369146006
12-16,2.26,0.8705234159779615
12-16,2.28,0.8677685950413223
12-16,2.28,0.8650137741046832
12-16,2.28,0.862258953168044
12-16,2.3,0.859504132231405
12-16,2.31,0.8567493112947658
12-16,2.31,0.8539944903581267
12-16,2.34,0.8512396694214877
12-16,2.41,0.8484848484848485
12-16,2.41,0.8457300275482094
12-16,2.44,0.8429752066115702
12-16,2.44,0.8402203856749311
12-16,2.47,0.837465564738292
12-16,2.5,0.8347107438016529
12-16,2.5,0.8319559228650137
12-16,2.58,0.8292011019283747
12-16,2.61,0.8264462809917356
12-16,2.62,0.8236914600550964
12-16,2.66,0.8209366391184573
12-16,2.67,0.8181818181818181
12-16,2.68,0.8154269972451791
12-16,2.7,0.8126721763085399
12-16,2.7,0.8099173553719008
12-16,2.7,0.8071625344352618
12-16,2.7,0.8044077134986226
12-16,2.73,0.8016528925619835
12-16,2.75,0.7988980716253443
12-16,2.81,0.7961432506887052
12-16,2.82,0.7933884297520661
12-16,2.86,0.790633608815427
12-16,2.9,0.7878787878787878
12-16,2.9,0.7851239669421488
12-16,2.9,0.7823691460055097
12-16,2.94,0.7796143250688705
12-16,3.0,0.7768595041322314
12-16,3.0,0.7741046831955922
12-16,3.0,0.7713498622589532
12-16,3.0,0.768595041322314
12-16,3.0,0.7658402203856749
12-16,3.02,0.7630853994490359
12-16,3.02,0.7603305785123967
12-16,3.02,0.7575757575757576
12-16,3.05,0.7548209366391184
12-16,3.09,0.7520661157024793
12-16,3.09,0.7493112947658402
12-16,3.12,0.7465564738292011
12-16,3.12,0.743801652892562
12-16,3.18,0.7410468319559229
12-16,3.19,0.7382920110192838
12-16,3.2,0.7355371900826446
12-16,3.23,0.7327823691460056
12-16,3.3,0.7300275482093663
12-16,3.38,0.7272727272727273
12-16,3.44,0.7245179063360881
12-16,3.45,0.721763085399449
12-16,3.5,0.71900826446281
12-16,3.5,0.7162534435261708
12-16,3.5,0.7134986225895317
12-16,3.54,0.7107438016528926
12-16,3.62,0.7079889807162534
12-16,3.71,0.7052341597796143
12-16,3.77,0.7024793388429752
12-16,3.88,0.699724517906336
12-16,3.9,0.696969696969697
12-16,4.0,0.6942148760330579
12-16,4.0,0.6914600550964187
12-16,4.0,0.6887052341597797
12-16,4.0,0.6859504132231404
12-16,4.0,0.6831955922865014
12-16,4.0,0.6804407713498623
12-16,4.06,0.6776859504132231
12-16,4.23,0.6749311294765841
12-16,4.35,0.6721763085399449
12-16,4.38,0.6694214876033058
12-16,4.48,0.6666666666666667
12-16,4.5,0.6639118457300275
12-16,4.5,0.6611570247933884
12-16,4.57,0.6584022038567493
12-16,4.58,0.6556473829201102
12-16,4.61,0.6528925619834711
12-16,4.64,0.650137741046832
12-16,4.9,0.6473829201101928
12-16,4.95,0.6446280991735538
12-16,4.95,0.6418732782369145
12-16,4.97,0.6391184573002755
12-16,5.0,0.6363636363636364
12-16,5.01,0.6336088154269972
12-16,5.22,0.6308539944903582
12-16,5.5,0.628099173553719
12-16,5.5,0.6253443526170799
12-16,5.55,0.6225895316804408
12-16,5.7,0.6198347107438016
12-16,5.76,0.6170798898071626
12-16,5.91,0.6143250688705234
12-16,5.95,0.6115702479338843
12-16,6.0,0.6088154269972452
12-16,6.0,0.6060606060606061
12-16,6.0,0.6033057851239669
12-16,6.22,0.6005509641873279
12-16,6.5,0.5977961432506886
12-16,6.53,0.5950413223140496
12-16,6.55,0.5922865013774105
12-16,6.73,0.5895316804407713
12-16,6.8,0.5867768595041323
12-16,6.9,0.5840220385674931
12-16,6.93,0.581267217630854
12-16,6.96,0.578512396694215
12-16,7.0,0.5757575757575757
12-16,7.0,0.5730027548209367
12-16,7.0,0.5702479338842975
12-16,7.0,0.5674931129476584
12-16,7.01,0.5647382920110193
12-16,7.17,0.5619834710743802
12-16,7.18,0.559228650137741
12-16,7.26,0.556473829201102
12-16,7.45,0.5537190082644627
12-16,7.5,0.5509641873278237
12-16,7.5,0.5482093663911846
12-16,7.65,0.5454545454545454
12-16,7.73,0.5426997245179064
12-16,7.75,0.5399449035812672
12-16,7.82,0.5371900826446281
12-16,7.89,0.534435261707989
12-16,7.9,0.5316804407713498
12-16,7.9,0.5289256198347108
12-16,7.9,0.5261707988980716
12-16,7.9,0.5234159779614325
12-16,8.0,0.5206611570247934
12-16,8.0,0.5179063360881543
12-16,8.0,0.5151515151515151
12-16,8.0,0.5123966942148761
12-16,8.0,0.5096418732782368
12-16,8.0,0.5068870523415978
12-16,8.01,0.5041322314049587
12-16,8.14,0.5013774104683195
12-16,8.14,0.4986225895316805
12-16,8.17,0.49586776859504134
12-16,8.3,0.4931129476584022
12-16,8.33,0.49035812672176304
12-16,8.47,0.487603305785124
12-16,8.49,0.48484848484848486
12-16,8.58,0.4820936639118457
12-16,8.82,0.47933884297520657
12-16,8.9,0.47658402203856753
12-16,8.93,0.4738292011019284
12-16,9.0,0.47107438016528924
12-16,9.0,0.4683195592286501
12-16,9.04,0.46556473829201106
12-16,9.14,0.4628099173553719
12-16,9.14,0.46005509641873277
12-16,9.49,0.4573002754820936
12-16,9.49,0.4545454545454546
12-16,9.77,0.45179063360881544
12-16,9.87,0.4490358126721763
12-16,9.88,0.44628099173553715
12-16,10.0,0.4435261707988981
12-16,10.0,0.44077134986225897
12-16,10.0,0.4380165289256198
12-16,10.0,0.4352617079889807
12-16,10.0,0.43250688705234164
12-16,10.0,0.4297520661157025
12-16,10.0,0.42699724517906334
12-16,10.16,0.4242424242424242
12-16,10.21,0.42148760330578516
12-16,10.53,0.418732782369146
12-16,10.59,0.41597796143250687
12-16,10.6,0.4132231404958677
12-16,10.68,0.4104683195592287
12-16,10.87,0.40771349862258954
12-16,10.89,0.4049586776859504
12-16,11.0,0.40220385674931125
12-16,11.11,0.3994490358126722
12-16,11.12,0.39669421487603307
12-16,11.32,0.3939393939393939
12-16,11.42,0.3911845730027548
12-16,11.49,0.38842975206611574
12-16,11.78,0.3856749311294766
12-16,11.78,0.38292011019283745
12-16,12.0,0.3801652892561983
12-16,12.02,0.37741046831955927
12-16,12.1,0.3746556473829201
12-16,12.12,0.371900826446281
12-16,12.2,0.36914600550964183
12-16,12.42,0.3663911845730028
12-16,12.54,0.36363636363636365
12-16,12.67,0.3608815426997245
12-16,12.86,0.35812672176308535
12-16,12.95,0.3553719008264463
12-16,13.0,0.3526170798898072
12-16,13.0,0.349862258953168
12-16,13.55,0.3471074380165289
12-16,13.64,0.34435261707988984
12-16,13.75,0.3415977961432507
12-16,13.82,0.33884297520661155
12-16,13.85,0.3360881542699724
12-16,13.91,0.33333333333333337
12-16,14.0,0.3305785123966942
12-16,14.13,0.3278236914600551
12-16,14.32,0.32506887052341593
12-16,14.48,0.3223140495867769
12-16,14.49,0.31955922865013775
12-16,14.52,0.3168044077134986
12-16,14.94,0.31404958677685946
12-16,15.0,0.3112947658402204
12-16,15.0,0.3085399449035813
12-16,15.0,0.30578512396694213
12-16,15.0,0.303030303030303
12-16,15.0,0.30027548209366395
12-16,15.16,0.2975206611570248
12-16,15.19,0.29476584022038566
12-16,15.32,0.2920110192837465
12-16,15.34,0.2892561983471075
12-16,15.46,0.2865013774104683
12-16,15.68,0.2837465564738292
12-16,15.72,0.28099173553719003
12-16,15.83,0.278236914600551
12-16,16.11,0.27548209366391185
12-16,16.34,0.2727272727272727
12-16,16.59,0.26997245179063356
12-16,16.67,0.2672176308539945
12-16,17.04,0.2644628099173554
12-16,17.18,0.26170798898071623
12-16,17.23,0.2589531680440771
12-16,17.23,0.25619834710743805
12-16,17.62,0.2534435261707989
12-16,17.63,0.25068870523415976
12-16,18.0,0.2479338842975206
12-16,18.31,0.24517906336088158
12-16,18.51,0.24242424242424243
12-16,18.6,0.23966942148760328
12-16,18.93,0.23691460055096414
12-16,19.0,0.2341597796143251
12-16,19.0,0.23140495867768596
12-16,19.06,0.2286501377410468
12-16,19.8,0.22589531680440766
12-16,20.0,0.22314049586776863
12-16,20.0,0.22038567493112948
12-16,20.0,0.21763085399449034
12-16,20.0,0.2148760330578512
12-16,20.72,0.21212121212121215
12-16,21.04,0.209366391184573
12-16,21.28,0.20661157024793386
12-16,21.28,0.20385674931129472
12-16,21.34,0.20110192837465568
12-16,21.79,0.19834710743801653
12-16,21.97,0.1955922865013774
12-16,22.0,0.19283746556473824
12-16,23.0,0.1900826446280992
12-16,24.33,0.18732782369146006
12-16,24.37,0.18457300275482091
12-16,24.67,0.18181818181818177
12-16,25.0,0.17906336088154273
12-16,25.0,0.1763085399449036
12-16,25.0,0.17355371900826444
12-16,25.98,0.1707988980716253
12-16,27.15,0.16804407713498626
12-16,27.22,0.1652892561983471
12-16,27.82,0.16253443526170797
12-16,27.93,0.15977961432506882
12-16,28.0,0.15702479338842978
12-16,28.0,0.15426997245179064
12-16,28.0,0.1515151515151515
12-16,28.0,0.14876033057851235
12-16,28.08,0.1460055096418733
12-16,28.33,0.14325068870523416
12-16,28.64,0.14049586776859502
12-16,29.0,0.13774104683195587
12-16,29.44,0.13498622589531684
12-16,30.0,0.1322314049586777
12-16,30.0,0.12947658402203854
12-16,33.34,0.1267217630853994
12-16,33.34,0.12396694214876036
12-16,33.34,0.12121212121212122
12-16,33.34,0.11845730027548207
12-16,33.34,0.11570247933884292
12-16,33.34,0.11294765840220389
12-16,33.34,0.11019283746556474
12-16,33.42,0.1074380165289256
12-16,33.5,0.10468319559228645
12-16,34.57,0.10192837465564741
12-16,34.77,0.09917355371900827
12-16,34.9,0.09641873278236912
12-16,35.0,0.09366391184572997
12-16,35.33,0.09090909090909094
12-16,36.05,0.0881542699724518
12-16,37.65,0.08539944903581265
12-16,37.99,0.0826446280991735
12-16,38.0,0.07988980716253447
12-16,38.0,0.07713498622589532
12-16,38.0,0.07438016528925617
12-16,38.5,0.07162534435261703
12-16,39.0,0.06887052341597799
12-16,39.12,0.06611570247933884
12-16,40.0,0.0633608815426997
12-16,41.61,0.06060606060606055
12-16,42.97,0.05785123966942152
12-16,44.67,0.05509641873278237
12-16,45.0,0.052341597796143224
12-16,45.05,0.04958677685950408
12-16,47.12,0.04683195592286504
12-16,48.84,0.0440771349862259
12-16,50.0,0.04132231404958675
12-16,50.0,0.038567493112947604
12-16,50.0,0.03581267217630857
12-16,50.0,0.03305785123966942
12-16,60.04,0.030303030303030276
12-16,62.41,0.02754820936639113
12-16,80.0,0.024793388429752095
12-16,87.96,0.02203856749311295
12-16,100.0,0.019283746556473802
12-16,100.0,0.016528925619834656
12-16,120.0,0.01377410468319562
12-16,125.06,0.011019283746556474
12-16,144.93,0.008264462809917328
12-16,152.73,0.0055096418732781816
12-16,174.32,0.0027548209366391463
12-16,225.77,0.0
16-20,0.68,0.9972451790633609
16-20,0.86,0.9944903581267217
16-20,0.98,0.9917355371900827
16-20,1.0,0.9889807162534435
16-20,1.07,0.9862258953168044
16-20,1.19,0.9834710743801653
16-20,1.2,0.9807162534435262
16-20,1.36,0.977961432506887
16-20,1.4,0.9752066115702479
16-20,1.49,0.9724517906336088
16-20,1.54,0.9696969696969697
16-20,1.57,0.9669421487603306
16-20,1.59,0.9641873278236914
16-20,1.61,0.9614325068870524
16-20,1.61,0.9586776859504132
16-20,1.66,0.9559228650137741
16-20,1.66,0.953168044077135
16-20,1.68,0.9504132231404958
16-20,1.69,0.9476584022038568
16-20,1.69,0.9449035812672176
16-20,1.7,0.9421487603305785
16-20,1.71,0.9393939393939394
16-20,1.76,0.9366391184573003
16-20,1.77,0.9338842975206612
16-20,1.79,0.931129476584022
16-20,1.79,0.9283746556473829
16-20,1.79,0.9256198347107438
16-20,1.8,0.9228650137741047
16-20,1.81,0.9201101928374655
16-20,1.81,0.9173553719008265
16-20,1.87,0.9146005509641874
16-20,1.87,0.9118457300275482
16-20,1.87,0.9090909090909091
16-20,1.88,0.9063360881542699
16-20,1.88,0.9035812672176309
16-20,1.89,0.9008264462809917
16-20,1.9,0.8980716253443526
16-20,1.9,0.8953168044077136
16-20,1.9,0.8925619834710744
16-20,1.9,0.8898071625344353
16-20,1.9,0.8870523415977961
16-20,1.91,0.884297520661157
16-20,1.91,0.8815426997245179
16-20,1.92,0.8787878787878788
16-20,1.93,0.8760330578512396
16-20,1.95,0.8732782369146006
16-20,1.95,0.8705234159779615
16-20,1.99,0.8677685950413223
16-20,2.0,0.8650137741046832
16-20,2.0,0.862258953168044
16-20,2.0,0.859504132231405
16-20,2.0,0.8567493112947658
16-20,2.0,0.8539944903581267
16-20,2.0,0.8512396694214877
16-20,2.0,0.8484848484848485
16-20,2.04,0.8457300275482094
16-20,2.05,0.8429752066115702
16-20,2.08,0.8402203856749311
16-20,2.1,0.837465564738292
16-20,2.11,0.8347107438016529
16-20,2.13,0.8319559228650137
16-20,2.13,0.8292011019283747
16-20,2.18,0.8264462809917356
16-20,2.22,0.8236914600550964
16-20,2.23,0.8209366391184573
16-20,2.23,0.8181818181818181
16-20,2.26,0.8154269972451791
16-20,2.26,0.8126721763085399
16-20,2.26,0.8099173553719008
16-20,2.27,0.8071625344352618
16-20,2.28,0.8044077134986226
16-20,2.3,0.8016528925619835
16-20,2.31,0.7988980716253443
16-20,2.31,0.7961432506887052
16-20,2.36,0.7933884297520661
16-20,2.4,0.790633608815427
16-20,2.4,0.7878787878787878
16-20,2.4,0.7851239669421488
16-20,2.46,0.7823691460055097
16-20,2.47,0.7796143250688705
16-20,2.53,0.7768595041322314
16-20,2.55,0.7741046831955922
16-20,2.58,0.7713498622589532
16-20,2.59,0.768595041322314
16-20,2.6,0.7658402203856749
16-20,2.61,0.7630853994490359
16-20,2.62,0.7603305785123967
16-20,2.63,0.7575757575757576
16-20,2.63,0.7548209366391184
16-20,2.65,0.7520661157024793
16-20,2.66,0.7493112947658402
16-20,2.66,0.7465564738292011
16-20,2.66,0.743801652892562
16-20,2.67,0.7410468319559229
16-20,2.68,0.7382920110192838
16-20,2.7,0.7355371900826446
16-20,2.72,0.7327823691460056
16-20,2.8,0.7300275482093663
16-20,2.8,0.7272727272727273
16-20,2.85,0.7245179063360881
16-20,2.87,0.721763085399449
16-20,2.88,0.71900826446281
16-20,2.9,0.7162534435261708
16-20,2.9,0.7134986225895317
16-20,3.0,0.7107438016528926
16-20,3.0,0.7079889807162534
16-20,3.0,0.7052341597796143
16-20,3.0,0.7024793388429752
16-20,3.0,0.699724517906336
16-20,3.0,0.696969696969697
16-20,3.0,0.6942148760330579
16-20,3.01,0.6914600550964187
16-20,3.02,0.6887052341597797
16-20,3.02,0.6859504132231404
16-20,3.05,0.6831955922865014
16-20,3.05,0.6804407713498623
16-20,3.06,0.6776859504132231
16-20,3.07,0.6749311294765841
16-20,3.08,0.6721763085399449
16-20,3.17,0.6694214876033058
16-20,3.2,0.6666666666666667
16-20,3.2,0.6639118457300275
16-20,3.21,0.6611570247933884
16-20,3.25,0.6584022038567493
16-20,3.25,0.6556473829201102
16-20,3.31,0.6528925619834711
16-20,3.34,0.650137741046832
16-20,3.36,0.6473829201101928
16-20,3.36,0.6446280991735538
16-20,3.39,0.6418732782369145
16-20,3.4,0.6391184573002755
16-20,3.41,0.6363636363636364
16-20,3.44,0.6336088154269972
16-20,3.46,0.6308539944903582
16-20,3.47,0.628099173553719
16-20,3.48,0.6253443526170799
16-20,3.5,0.6225895316804408
16-20,3.54,0.6198347107438016
16-20,3.55,0.6170798898071626
16-20,3.58,0.6143250688705234
16-20,3.62,0.6115702479338843
16-20,3.67,0.6088154269972452
16-20,3.69,0.6060606060606061
16-20,3.7,0.6033057851239669
16-20,3.75,0.6005509641873279
16-20,3.75,0.5977961432506886
16-20,3.79,0.5950413223140496
16-20,3.8,0.5922865013774105
16-20,3.82,0.5895316804407713
16-20,3.84,0.5867768595041323
16-20,3.88,0.5840220385674931
16-20,3.9,0.581267217630854
16-20,3.9,0.578512396694215
16-20,3.9,0.5757575757575757
16-20,3.94,0.5730027548209367
16-20,3.94,0.5702479338842975
16-20,4.0,0.5674931129476584
16-20,4.0,0.5647382920110193
16-20,4.0,0.5619834710743802
16-20,4.0,0.559228650137741
16-20,4.0,0.556473829201102
16-20,4.23,0.5537190082644627
16-20,4.23,0.5509641873278237
16-20,4.27,0.5482093663911846
16-20,4.3,0.5454545454545454
16-20,4.31,0.5426997245179064
16-20,4.31,0.5399449035812672
16-20,4.46,0.5371900826446281
16-20,4.47,0.534435261707989
16-20,4.5,0.5316804407713498
16-20,4.5,0.5289256198347108
16-20,4.5,0.5261707988980716
16-20,4.57,0.5234159779614325
16-20,4.59,0.5206611570247934
16-20,4.62,0.5179063360881543
16-20,4.77,0.5151515151515151
16-20,4.79,0.5123966942148761
16-20,4.8,0.5096418732782368
16-20,4.81,0.5068870523415978
16-20,4.89,0.5041322314049587
16-20,4.9,0.5013774104683195
16-20,4.92,0.4986225895316805
16-20,4.94,0.49586776859504134
16-20,4.97,0.4931129476584022
16-20,5.0,0.49035812672176304
16-20,5.0,0.487603305785124
16-20,5.0,0.48484848484848486
16-20,5.0,0.4820936639118457
16-20,5.0,0.47933884297520657
16-20,5.01,0.47658402203856753
16-20,5.05,0.4738292011019284
16-20,5.26,0.47107438016528924
16-20,5.3,0.4683195592286501
16-20,5.3,0.46556473829201106
16-20,5.31,0.4628099173553719
16-20,5.49,0.46005509641873277
16-20,5.66,0.4573002754820936
16-20,5.75,0.4545454545454546
16-20,5.82,0.45179063360881544
16-20,5.9,0.4490358126721763
16-20,5.93,0.44628099173553715
16-20,5.99,0.4435261707988981
16-20,6.0,0.44077134986225897
16-20,6.0,0.4380165289256198
16-20,6.0,0.4352617079889807
16-20,6.0,0.43250688705234164
16-20,6.0,0.4297520661157025
16-20,6.0,0.42699724517906334
16-20,6.0,0.4242424242424242
16-20,6.0,0.42148760330578516
16-20,6.01,0.418732782369146
16-20,6.12,0.41597796143250687
16-20,6.13,0.4132231404958677
16-20,6.13,0.4104683195592287
16-20,6.3,0.40771349862258954
16-20,6.5,0.4049586776859504
16-20,6.56,0.40220385674931125
16-20,6.56,0.3994490358126722
16-20,6.73,0.39669421487603307
16-20,6.84,0.3939393939393939
16-20,6.84,0.3911845730027548
16-20,6.9,0.38842975206611574
16-20,7.0,0.3856749311294766
16-20,7.0,0.38292011019283745
16-20,7.0,0.3801652892561983
16-20,7.02,0.37741046831955927
16-20,7.2,0.3746556473829201
16-20,7.21,0.371900826446281
16-20,7.49,0.36914600550964183
16-20,7.5,0.3663911845730028
16-20,7.78,0.36363636363636365
16-20,7.79,0.3608815426997245
16-20,7.92,0.35812672176308535
16-20,8.0,0.3553719008264463
16-20,8.0,0.3526170798898072
16-20,8.0,0.349862258953168
16-20,8.08,0.3471074380165289
16-20,8.14,0.34435261707988984
16-20,8.2,0.3415977961432507
16-20,8.29,0.33884297520661155
16-20,8.39,0.3360881542699724
16-20,8.45,0.33333333333333337
16-20,8.46,0.3305785123966942
16-20,8.48,0.3278236914600551
16-20,8.5,0.32506887052341593
16-20,8.53,0.3223140495867769
16-20,8.6,0.31955922865013775
16-20,8.8,0.3168044077134986
16-20,8.91,0.31404958677685946
16-20,9.05,0.3112947658402204
16-20,9.38,0.3085399449035813
16-20,9.65,0.30578512396694213
16-20,9.94,0.303030303030303
16-20,9.95,0.30027548209366395
16-20,10.0,0.2975206611570248
16-20,10.0,0.29476584022038566
16-20,10.0,0.2920110192837465
16-20,10.0,0.2892561983471075
16-20,10.0,0.2865013774104683
16-20,10.0,0.2837465564738292
16-20,10.0,0.28099173553719003
16-20,10.0,0.278236914600551
16-20,10.0,0.27548209366391185
16-20,10.0,0.2727272727272727
16-20,10.0,0.26997245179063356
16-20,10.0,0.2672176308539945
16-20,10.0,0.2644628099173554
16-20,10.0,0.26170798898071623
16-20,10.0,0.2589531680440771
16-20,10.0,0.25619834710743805
16-20,10.02,0.2534435261707989
16-20,10.15,0.25068870523415976
16-20,10.89,0.2479338842975206
16-20,11.0,0.24517906336088158
16-20,11.04,0.24242424242424243
16-20,11.08,0.23966942148760328
16-20,11.12,0.23691460055096414
16-20,11.21,0.2341597796143251
16-20,11.36,0.23140495867768596
16-20,11.71,0.2286501377410468
16-20,11.88,0.22589531680440766
16-20,12.0,0.22314049586776863
16-20,12.34,0.22038567493112948
16-20,12.6,0.21763085399449034
16-20,12.75,0.2148760330578512
16-20,12.76,0.21212121212121215
16-20,12.77,0.209366391184573
16-20,12.9,0.20661157024793386
16-20,12.94,0.20385674931129472
16-20,13.0,0.20110192837465568
16-20,13.23,0.19834710743801653
16-20,13.96,0.1955922865013774
16-20,14.15,0.19283746556473824
16-20,15.0,0.1900826446280992
16-20,15.0,0.18732782369146006
16-20,15.0,0.18457300275482091
16-20,15.0,0.18181818181818177
16-20,15.82,0.17906336088154273
16-20,16.37,0.1763085399449036
16-20,16.77,0.17355371900826444
16-20,17.22,0.1707988980716253
16-20,17.5,0.16804407713498626
16-20,17.72,0.1652892561983471
16-20,17.94,0.16253443526170797
16-20,18.2,0.15977961432506882
16-20,18.51,0.15702479338842978
16-20,18.93,0.15426997245179064
16-20,19.0,0.1515151515151515
16-20,19.6,0.14876033057851235
16-20,19.67,0.1460055096418733
16-20,19.8,0.14325068870523416
16-20,19.84,0.14049586776859502
16-20,19.87,0.13774104683195587
16-20,20.0,0.13498622589531684
16-20,20.0,0.1322314049586777
16-20,20.0,0.12947658402203854
16-20,20.56,0.1267217630853994
16-20,20.83,0.12396694214876036
16-20,21.05,0.12121212121212122
16-20,21.18,0.11845730027548207
16-20,24.29,0.11570247933884292
16-20,25.17,0.11294765840220389
16-20,28.53,0.11019283746556474
16-20,28.65,0.1074380165289256
16-20,28.81,0.10468319559228645
16-20,29.0,0.10192837465564741
16-20,29.31,0.09917355371900827
16-20,30.0,0.09641873278236912
16-20,30.07,0.09366391184572997
16-20,30.2,0.09090909090909094
16-20,30.47,0.0881542699724518
16-20,32.75,0.08539944903581265
16-20,38.0,0.0826446280991735
16-20,38.15,0.07988980716253447
16-20,39.88,0.07713498622589532
16-20,44.2,0.07438016528925617
16-20,46.88,0.07162534435261703
16-20,49.6,0.06887052341597799
16-20,50.0,0.06611570247933884
16-20,50.0,0.0633608815426997
16-20,50.0,0.06060606060606055
16-20,50.78,0.05785123966942152
16-20,56.14,0.05509641873278237
16-20,59.0,0.052341597796143224
16-20,60.0,0.04958677685950408
16-20,70.0,0.04683195592286504
16-20,73.21,0.0440771349862259
16-20,75.0,0.04132231404958675
16-20,80.0,0.038567493112947604
16-20,80.0,0.03581267217630857
16-20,100.0,0.03305785123966942
16-20,107.42,0.030303030303030276
16-20,128.64,0.02754820936639113
16-20,140.0,0.024793388429752095
16-20,143.88,0.02203856749311295
16-20,175.0,0.019283746556473802
16-20,179.77,0.016528925619834656
16-20,185.0,0.01377410468319562
16-20,190.0,0.011019283746556474
16-20,200.0,0.008264462809917328
16-20,250.0,0.0055096418732781816
16-20,275.0,0.0027548209366391463
16-20,300.0,0.0
20-00,0.83,0.9972451790633609
20-00,0.86,0.9944903581267217
20-00,0.89,0.9917355371900827
20-00,1.0,0.9889807162534435
20-00,1.05,0.9862258953168044
20-00,1.19,0.9834710743801653
20-00,1.2,0.9807162534435262
20-00,1.33,0.977961432506887
20-00,1.4,0.9752066115702479
20-00,1.44,0.9724517906336088
20-00,1.45,0.9696969696969697
20-00,1.49,0.9669421487603306
20-00,1.5,0.9641873278236914
20-00,1.5,0.9614325068870524
20-00,1.5,0.9586776859504132
20-00,1.54,0.9559228650137741
20-00,1.55,0.953168044077135
20-00,1.59,0.9504132231404958
20-00,1.59,0.9476584022038568
20-00,1.6,0.9449035812672176
20-00,1.65,0.9421487603305785
20-00,1.65,0.9393939393939394
20-00,1.7,0.9366391184573003
20-00,1.7,0.9338842975206612
20-00,1.7,0.931129476584022
20-00,1.74,0.9283746556473829
20-00,1.74,0.9256198347107438
20-00,1.77,0.9228650137741047
20-00,1.79,0.9201101928374655
20-00,1.79,0.9173553719008265
20-00,1.8,0.9146005509641874
20-00,1.81,0.9118457300275482
20-00,1.81,0.9090909090909091
20-00,1.82,0.9063360881542699
20-00,1.87,0.9035812672176309
20-00,1.87,0.9008264462809917
20-00,1.9,0.8980716253443526
20-00,1.9,0.8953168044077136
20-00,1.9,0.8925619834710744
20-00,1.91,0.8898071625344353
20-00,1.91,0.8870523415977961
20-00,1.91,0.884297520661157
20-00,1.91,0.8815426997245179
20-00,1.91,0.8787878787878788
20-00,1.93,0.8760330578512396
20-00,1.95,0.8732782369146006
20-00,1.95,0.8705234159779615
20-00,1.97,0.8677685950413223
20-00,1.97,0.8650137741046832
20-00,1.99,0.862258953168044
20-00,1.99,0.859504132231405
20-00,2.0,0.8567493112947658
20-00,2.0,0.8539944903581267
20-00,2.0,0.8512396694214877
20-00,2.0,0.8484848484848485
20-00,2.0,0.8457300275482094
20-00,2.0,0.8429752066115702
20-00,2.0,0.8402203856749311
20-00,2.0,0.837465564738292
20-00,2.0,0.8347107438016529
20-00,2.0,0.8319559228650137
20-00,2.03,0.8292011019283747
20-00,2.05,0.8264462809917356
20-00,2.05,0.8236914600550964
20-00,2.06,0.8209366391184573
20-00,2.07,0.8181818181818181
20-00,2.09,0.8154269972451791
20-00,2.09,0.8126721763085399
20-00,2.13,0.8099173553719008
20-00,2.13,0.8071625344352618
20-00,2.14,0.8044077134986226
20-00,2.15,0.8016528925619835
20-00,2.16,0.7988980716253443
20-00,2.17,0.7961432506887052
20-00,2.19,0.7933884297520661
20-00,2.26,0.790633608815427
20-00,2.3,0.7878787878787878
20-00,2.3,0.7851239669421488
20-00,2.3,0.7823691460055097
20-00,2.31,0.7796143250688705
20-00,2.31,0.7768595041322314
20-00,2.34,0.7741046831955922
20-00,2.37,0.7713498622589532
20-00,2.37,0.768595041322314
20-00,2.38,0.7658402203856749
20-00,2.41,0.7630853994490359
20-00,2.41,0.7603305785123967
20-00,2.43,0.7575757575757576
20-00,2.43,0.7548209366391184
20-00,2.43,0.7520661157024793
20-00,2.44,0.7493112947658402
20-00,2.44,0.7465564738292011
20-00,2.45,0.743801652892562
20-00,2.47,0.7410468319559229
20-00,2.47,0.7382920110192838
20-00,2.5,0.7355371900826446
20-00,2.5,0.7327823691460056
20-00,2.5,0.7300275482093663
20-00,2.5,0.7272727272727273
20-00,2.5,0.7245179063360881
20-00,2.5,0.721763085399449
20-00,2.5,0.71900826446281
20-00,2.52,0.7162534435261708
20-00,2.55,0.7134986225895317
20-00,2.55,0.7107438016528926
20-00,2.55,0.7079889807162534
20-00,2.56,0.7052341597796143
20-00,2.58,0.7024793388429752
20-00,2.58,0.699724517906336
20-00,2.59,0.696969696969697
20-00,2.59,0.6942148760330579
20-00,2.61,0.6914600550964187
20-00,2.65,0.6887052341597797
20-00,2.67,0.6859504132231404
20-00,2.67,0.6831955922865014
20-00,2.69,0.6804407713498623
20-00,2.71,0.6776859504132231
20-00,2.72,0.6749311294765841
20-00,2.77,0.6721763085399449
20-00,2.79,0.6694214876033058
20-00,2.83,0.6666666666666667
20-00,2.83,0.6639118457300275
20-00,2.84,0.6611570247933884
20-00,2.84,0.6584022038567493
20-00,2.85,0.6556473829201102
20-00,2.85,0.6528925619834711
20-00,2.87,0.650137741046832
20-00,2.9,0.6473829201101928
20-00,2.9,0.6446280991735538
20-00,2.9,0.6418732782369145
20-00,2.94,0.6391184573002755
20-00,2.98,0.6363636363636364
20-00,2.98,0.6336088154269972
20-00,3.0,0.6308539944903582
20-00,3.0,0.628099173553719
20-00,3.0,0.6253443526170799
20-00,3.0,0.6225895316804408
20-00,3.0,0.6198347107438016
20-00,3.0,0.6170798898071626
20-00,3.02,0.6143250688705234
20-00,3.02,0.6115702479338843
20-00,3.03,0.6088154269972452
20-00,3.04,0.6060606060606061
20-00,3.05,0.6033057851239669
20-00,3.05,0.6005509641873279
20-00,3.05,0.5977961432506886
20-00,3.05,0.5950413223140496
20-00,3.06,0.5922865013774105
20-00,3.08,0.5895316804407713
20-00,3.09,0.5867768595041323
20-00,3.12,0.5840220385674931
20-00,3.22,0.581267217630854
20-00,3.23,0.578512396694215
20-00,3.23,0.5757575757575757
20-00,3.23,0.5730027548209367
20-00,3.27,0.5702479338842975
20-00,3.31,0.5674931129476584
20-00,3.35,0.5647382920110193
20-00,3.36,0.5619834710743802
20-00,3.39,0.559228650137741
20-00,3.4,0.556473829201102
20-00,3.41,0.5537190082644627
20-00,3.44,0.5509641873278237
20-00,3.46,0.5482093663911846
20-00,3.47,0.5454545454545454
20-00,3.49,0.5426997245179064
20-00,3.54,0.5399449035812672
20-00,3.55,0.5371900826446281
20-00,3.59,0.534435261707989
20-00,3.59,0.5316804407713498
20-00,3.63,0.5289256198347108
20-00,3.68,0.5261707988980716
20-00,3.68,0.5234159779614325
20-00,3.69,0.5206611570247934
20-00,3.72,0.5179063360881543
20-00,3.72,0.5151515151515151
20-00,3.75,0.5123966942148761
20-00,3.75,0.5096418732782368
20-00,3.75,0.5068870523415978
20-00,3.75,0.5041322314049587
20-00,3.76,0.5013774104683195
20-00,3.77,0.4986225895316805
20-00,3.79,0.49586776859504134
20-00,3.79,0.4931129476584022
20-00,3.8,0.49035812672176304
20-00,3.8,0.487603305785124
20-00,3.82,0.48484848484848486
20-00,3.84,0.4820936639118457
20-00,3.88,0.47933884297520657
20-00,3.94,0.47658402203856753
20-00,3.97,0.4738292011019284
20-00,3.97,0.47107438016528924
20-00,4.0,0.4683195592286501
20-00,4.0,0.46556473829201106
20-00,4.0,0.4628099173553719
20-00,4.0,0.46005509641873277
20-00,4.0,0.4573002754820936
20-00,4.0,0.4545454545454546
20-00,4.14,0.45179063360881544
20-00,4.18,0.4490358126721763
20-00,4.2,0.44628099173553715
20-00,4.22,0.4435261707988981
20-00,4.29,0.44077134986225897
20-00,4.42,0.4380165289256198
20-00,4.45,0.4352617079889807
20-00,4.58,0.43250688705234164
20-00,4.61,0.4297520661157025
20-00,4.68,0.42699724517906334
20-00,4.7,0.4242424242424242
20-00,4.8,0.42148760330578516
20-00,4.8,0.418732782369146
20-00,4.8,0.41597796143250687
20-00,4.88,0.4132231404958677
20-00,4.9,0.4104683195592287
20-00,4.95,0.40771349862258954
20-00,4.96,0.4049586776859504
20-00,4.97,0.40220385674931125
20-00,5.0,0.3994490358126722
20-00,5.0,0.39669421487603307
20-00,5.35,0.3939393939393939
20-00,5.35,0.3911845730027548
20-00,5.4,0.38842975206611574
20-00,5.45,0.3856749311294766
20-00,5.48,0.38292011019283745
20-00,5.49,0.3801652892561983
20-00,5.5,0.37741046831955927
20-00,5.5,0.3746556473829201
20-00,5.5,0.371900826446281
20-00,5.66,0.36914600550964183
20-00,5.68,0.3663911845730028
20-00,5.75,0.36363636363636365
20-00,5.87,0.3608815426997245
20-00,5.87,0.35812672176308535
20-00,5.88,0.3553719008264463
20-00,5.92,0.3526170798898072
20-00,6.0,0.349862258953168
20-00,6.2,0.3471074380165289
20-00,6.3,0.34435261707988984
20-00,6.3,0.3415977961432507
20-00,6.38,0.33884297520661155
20-00,6.41,0.3360881542699724
20-00,6.48,0.33333333333333337
20-00,6.5,0.3305785123966942
20-00,6.54,0.3278236914600551
20-00,6.64,0.32506887052341593
20-00,6.7,0.3223140495867769
20-00,7.0,0.31955922865013775
20-00,7.09,0.3168044077134986
20-00,7.18,0.31404958677685946
20-00,7.22,0.3112947658402204
20-00,7.28,0.3085399449035813
20-00,7.35,0.30578512396694213
20-00,7.42,0.303030303030303
20-00,7.5,0.30027548209366395
20-00,7.56,0.2975206611570248
20-00,7.79,0.29476584022038566
20-00,7.88,0.2920110192837465
20-00,7.89,0.2892561983471075
20-00,8.05,0.2865013774104683
20-00,8.09,0.2837465564738292
20-00,8.17,0.28099173553719003
20-00,8.2,0.278236914600551
20-00,8.45,0.27548209366391185
20-00,8.46,0.2727272727272727
20-00,8.48,0.26997245179063356
20-00,8.5,0.2672176308539945
20-00,8.6,0.2644628099173554
20-00,8.61,0.26170798898071623
20-00,8.62,0.2589531680440771
20-00,8.64,0.25619834710743805
20-00,8.69,0.2534435261707989
20-00,8.76,0.25068870523415976
20-00,8.87,0.2479338842975206
20-00,9.37,0.24517906336088158
20-00,9.5,0.24242424242424243
20-00,9.99,0.23966942148760328
20-00,10.0,0.23691460055096414
20-00,10.0,0.2341597796143251
20-00,10.0,0.23140495867768596
20-00,10.0,0.2286501377410468
20-00,10.1,0.22589531680440766
20-00,10.3,0.22314049586776863
20-00,10.35,0.22038567493112948
20-00,10.56,0.21763085399449034
20-00,10.97,0.2148760330578512
20-00,11.0,0.21212121212121215
20-00,11.06,0.209366391184573
20-00,11.3,0.20661157024793386
20-00,11.31,0.20385674931129472
20-00,11.5,0.20110192837465568
20-00,11.9,0.19834710743801653
20-00,11.9,0.1955922865013774
20-00,12.38,0.19283746556473824
20-00,12.7,0.1900826446280992
20-00,12.73,0.18732782369146006
20-00,12.98,0.18457300275482091
20-00,13.0,0.18181818181818177
20-00,13.02,0.17906336088154273
20-00,13.76,0.1763085399449036
20-00,14.0,0.17355371900826444
20-00,14.0,0.1707988980716253
20-00,14.25,0.16804407713498626
20-00,15.0,0.1652892561983471
20-00,15.18,0.16253443526170797
20-00,15.85,0.15977961432506882
20-00,16.44,0.15702479338842978
20-00,16.7,0.15426997245179064
20-00,17.0,0.1515151515151515
20-00,17.57,0.14876033057851235
20-00,18.0,0.1460055096418733
20-00,18.98,0.14325068870523416
20-00,19.6,0.14049586776859502
20-00,19.63,0.13774104683195587
20-00,19.81,0.13498622589531684
20-00,19.9,0.1322314049586777
20-00,19.93,0.12947658402203854
20-00,20.0,0.1267217630853994
20-00,20.05,0.12396694214876036
20-00,22.0,0.12121212121212122
20-00,22.68,0.11845730027548207
20-00,22.98,0.11570247933884292
20-00,23.55,0.11294765840220389
20-00,24.15,0.11019283746556474
20-00,24.57,0.1074380165289256
20-00,25.0,0.10468319559228645
20-00,26.07,0.10192837465564741
20-00,27.43,0.09917355371900827
20-00,29.0,0.09641873278236912
20-00,31.26,0.09366391184572997
20-00,31.29,0.09090909090909094
20-00,31.53,0.0881542699724518
20-00,35.08,0.08539944903581265
20-00,38.02,0.0826446280991735
20-00,38.79,0.07988980716253447
20-00,39.88,0.07713498622589532
20-00,40.79,0.07438016528925617
20-00,41.0,0.07162534435261703
20-00,49.0,0.06887052341597799
20-00,50.03,0.06611570247933884
20-00,50.1,0.0633608815426997
20-00,53.17,0.06060606060606055
20-00,55.0,0.05785123966942152
20-00,60.0,0.05509641873278237
20-00,61.43,0.052341597796143224
20-00,68.1,0.04958677685950408
20-00,74.88,0.04683195592286504
20-00,97.76,0.0440771349862259
20-00,98.44,0.04132231404958675
20-00,100.0,0.038567493112947604
20-00,100.0,0.03581267217630857
20-00,100.0,0.03305785123966942
20-00,100.0,0.030303030303030276
20-00,100.03,0.02754820936639113
20-00,103.1,0.024793388429752095
20-00,115.0,0.02203856749311295
20-00,200.0,0.019283746556473802
20-00,200.0,0.016528925619834656
20-00,250.0,0.01377410468319562
20-00,281.42,0.011019283746556474
20-00,300.0,0.008264462809917328
20-00,457.85,0.0055096418732781816
20-00,500.0,0.0027548209366391463
20-00,510.45,0.0
